11 Com b,,93.37
11 UMi b,,125.72
14 And b,,75.59
14 Her b,,17.94
16 Cyg B b,,21.15
18 Del b,,76.38
1RXS J160929.1-210524 b,,145.00
24 Boo b,,96.25
24 Sex b,,72.21
24 Sex c,,72.21
2MASS J01225093-2439505 b,,36.00
2MASS J02192210-3925225 b,1.440,39.40
2MASS J04414489+2301513 b,,140.00
2MASS J12073346-3932539 b,,64.42
2MASS J19383260+4603591 b,,400.77
2MASS J21402931+1625183 A b,0.920,25.00
2MASS J22362452+4751425 b,,74.00
30 Ari B b,,44.71
4 UMa b,,73.58
42 Dra b,,90.86
47 UMa b,,13.80
47 UMa c,,13.80
47 UMa d,,13.80
51 Eri b,,29.40
51 Peg b,,15.47
55 Cnc b,,12.59
55 Cnc c,,12.59
55 Cnc d,,12.59
55 Cnc e,0.170,12.59
55 Cnc f,,12.59
6 Lyn b,,54.74
61 Vir b,,8.51
61 Vir c,,8.51
61 Vir d,,8.51
7 CMa b,,19.82
70 Vir b,,17.91
75 Cet b,,83.15
8 UMi b,,163.32
81 Cet b,,101.53
91 Aqr b,,44.08
AB Pic b,,50.12
BD+03 2562 b,,2618.00
BD+14 4559 b,,49.42
BD+15 2375 b,,774.00
BD+15 2940 b,,431.61
BD+20 2457 b,,1670.85
BD+20 2457 c,,1670.85
BD+20 274 b,,1383.85
BD+20 594 b,0.230,180.39
BD+48 738 b,,892.17
BD+48 740 b,,678.94
BD+49 828 b,,447.59
BD-06 1339 b,,20.28
BD-06 1339 c,,20.28
BD-08 2823 b,,41.38
BD-08 2823 c,,41.38
BD-10 3166 b,,84.61
BD-11 4672 b,,27.30
BD-13 2130 b,,948.75
BD-17 63 b,,34.49
CFBDSIR J145829+101343 b,,23.10
CHXR 73 b,,191.05
CI Tau b,,158.00
CT Cha b,2.200,165.00
CoRoT-1 b,1.490,805.31
CoRoT-10 b,0.970,345.00
CoRoT-11 b,1.430,560.00
CoRoT-12 b,1.440,1150.00
CoRoT-13 b,0.885,1060.00
CoRoT-14 b,1.090,1340.00
CoRoT-16 b,1.170,840.00
CoRoT-17 b,1.020,920.00
CoRoT-18 b,1.310,870.00
CoRoT-19 b,1.290,770.00
CoRoT-2 b,1.466,200.00
CoRoT-20 b,,864.31
CoRoT-20 c,,864.31
CoRoT-21 b,1.300,1398.83
CoRoT-22 b,0.435,592.00
CoRoT-23 b,1.050,600.00
CoRoT-24 b,0.330,600.00
CoRoT-24 c,0.440,600.00
CoRoT-25 b,1.080,1000.00
CoRoT-26 b,1.260,1670.00
CoRoT-27 b,1.007,1035.15
CoRoT-28 b,0.955,560.00
CoRoT-29 b,0.900,765.00
CoRoT-3 b,1.010,680.00
CoRoT-4 b,1.190,741.60
CoRoT-5 b,1.388,904.65
CoRoT-6 b,1.166,657.24
CoRoT-7 b,0.150,160.64
CoRoT-7 c,,160.64
CoRoT-8 b,0.570,380.00
CoRoT-9 b,1.066,417.89
CoRoTID 223977153 b,0.570,586.20
DE CVn b,,30.55
DENIS-P J082303.1-491201 b,,20.77
DH Tau b,,140.00
DP Leo b,,305.06
DS Tuc A b,0.509,44.12
EPIC 201238110 b,0.167,159.98
EPIC 201497682 b,0.062,254.88
EPIC 201615463 c,0.109,481.00
EPIC 201754305 d,0.092,338.19
EPIC 201833600 c,0.089,259.33
EPIC 201841433 b,0.098,441.94
EPIC 205950854 c,0.117,245.56
EPIC 206024342 b,0.152,373.81
EPIC 206032309 b,0.090,162.09
EPIC 206042996 b,0.145,457.27
EPIC 206215704 b,0.080,110.22
EPIC 206317286 b,0.086,317.20
EPIC 211822797 b,0.177,187.19
EPIC 211945201 b,0.514,182.69
EPIC 212297394 b,0.118,423.35
EPIC 212424622 b,0.194,622.67
EPIC 212499991 b,0.143,285.61
EPIC 212587672 b,0.100,322.88
EPIC 212737443 b,0.231,347.45
EPIC 212737443 c,0.240,347.45
EPIC 220554210 c,0.132,502.28
EPIC 220674823 b,0.162,246.10
EPIC 220674823 c,0.244,246.10
EPIC 246851721 b,1.051,336.70
EPIC 248847494 b,1.110,560.00
FU Tau b,,140.00
Fomalhaut b,,7.70
GJ 1132 b,,12.62
GJ 1132 c,,12.62
GJ 1148 b,,11.02
GJ 1148 c,,11.02
GJ 1214 b,0.254,14.65
GJ 1265 b,,10.26
GJ 143 b,0.233,16.33
GJ 163 b,,15.14
GJ 163 c,,15.14
GJ 163 d,,15.14
GJ 179 b,,12.36
GJ 273 b,,3.80
GJ 273 c,,3.80
GJ 3021 b,,17.56
GJ 3138 b,,28.49
GJ 3138 c,,28.49
GJ 3138 d,,28.49
GJ 317 b,,15.10
GJ 317 c,,15.10
GJ 328 b,,20.54
GJ 3293 b,,20.20
GJ 3293 c,,20.20
GJ 3293 d,,20.20
GJ 3293 e,,20.20
GJ 3323 b,,5.32
GJ 3323 c,,5.32
GJ 3341 b,,23.16
GJ 3470 b,0.408,29.45
GJ 357 b,0.109,9.44
GJ 357 c,,9.44
GJ 357 d,,9.44
GJ 3634 b,,19.80
GJ 3779 b,,13.75
GJ 3942 b,,16.94
GJ 3998 b,,18.16
GJ 3998 c,,18.16
GJ 411 b,,2.55
GJ 4276 b,,21.35
GJ 433 b,,9.07
GJ 436 b,0.372,9.76
GJ 504 b,,17.54
GJ 536 b,,10.41
GJ 581 b,,6.30
GJ 581 c,,6.30
GJ 581 e,,6.30
GJ 625 b,,6.49
GJ 649 b,,10.38
GJ 667 C b,,6.80
GJ 667 C c,,6.80
GJ 667 C e,,6.80
GJ 667 C f,,6.80
GJ 667 C g,,6.80
GJ 674 b,,4.55
GJ 676 A b,,16.03
GJ 676 A c,,16.03
GJ 676 A d,,16.03
GJ 676 A e,,16.03
GJ 685 b,,14.32
GJ 687 b,,4.55
GJ 832 b,,4.97
GJ 832 c,,4.97
GJ 849 b,,8.80
GJ 86 b,,10.79
GJ 876 b,,4.68
GJ 876 c,,4.68
GJ 876 d,,4.68
GJ 876 e,,4.68
GJ 96 b,,11.94
GJ 9827 b,0.141,29.69
GJ 9827 c,0.111,29.69
GJ 9827 d,0.180,29.69
GQ Lup b,3.000,151.82
GSC 06214-00210 b,,145.00
GU Psc b,1.265,48.00
Gl 378 b,,14.96
Gl 49 b,,9.86
Gl 686 b,,8.16
HAT-P-1 b,1.319,159.71
HAT-P-11 b,0.389,37.81
HAT-P-11 c,,37.81
HAT-P-12 b,0.959,142.50
HAT-P-13 b,1.272,214.00
HAT-P-13 c,,214.00
HAT-P-14 b,1.420,224.10
HAT-P-15 b,1.060,193.56
HAT-P-16 b,1.289,235.00
HAT-P-17 b,1.050,92.63
HAT-P-17 c,,92.63
HAT-P-18 b,0.995,166.00
HAT-P-19 b,1.132,215.00
HAT-P-2 b,,128.25
HAT-P-20 b,0.867,70.00
HAT-P-21 b,1.110,279.48
HAT-P-22 b,1.150,81.96
HAT-P-23 b,1.090,368.61
HAT-P-24 b,1.300,420.26
HAT-P-25 b,1.135,302.95
HAT-P-26 b,0.630,142.41
HAT-P-27 b,1.020,204.00
HAT-P-28 b,1.212,395.00
HAT-P-29 b,1.170,316.36
HAT-P-3 b,0.940,135.08
HAT-P-30 b,1.440,215.29
HAT-P-31 b,1.090,347.48
HAT-P-32 b,1.980,291.51
HAT-P-33 b,1.850,400.55
HAT-P-34 b,1.350,251.08
HAT-P-35 b,3.550,514.20
HAT-P-36 b,1.277,296.93
HAT-P-37 b,1.178,411.00
HAT-P-38 b,0.825,249.00
HAT-P-39 b,1.571,642.00
HAT-P-4 b,1.274,314.00
HAT-P-40 b,1.520,470.68
HAT-P-41 b,2.050,351.63
HAT-P-42 b,1.280,447.00
HAT-P-43 b,1.281,542.00
HAT-P-44 b,1.242,363.00
HAT-P-44 c,,363.00
HAT-P-45 b,1.426,305.00
HAT-P-46 b,1.284,296.00
HAT-P-49 b,1.590,353.89
HAT-P-5 b,1.210,306.01
HAT-P-50 b,1.288,497.00
HAT-P-51 b,1.293,470.00
HAT-P-52 b,1.009,385.00
HAT-P-53 b,1.318,719.00
HAT-P-54 b,0.944,144.25
HAT-P-55 b,1.182,480.00
HAT-P-56 b,1.510,323.50
HAT-P-57 b,1.740,282.08
HAT-P-6 b,1.480,277.50
HAT-P-65 b,1.890,841.00
HAT-P-66 b,1.590,927.00
HAT-P-67 b,2.085,320.00
HAT-P-69 b,1.676,343.90
HAT-P-7 b,1.510,344.46
HAT-P-70 b,1.870,329.00
HAT-P-8 b,1.400,212.84
HAT-P-9 b,1.393,480.00
HATS-1 b,1.302,303.00
HATS-10 b,0.969,496.00
HATS-11 b,1.609,967.34
HATS-12 b,0.692,512.41
HATS-13 b,1.212,476.00
HATS-14 b,1.039,513.00
HATS-15 b,1.105,689.00
HATS-16 b,1.300,774.00
HATS-17 b,0.777,339.00
HATS-18 b,1.329,645.00
HATS-2 b,1.168,360.00
HATS-22 b,0.953,207.90
HATS-23 b,1.860,747.00
HATS-24 b,1.395,510.00
HATS-25 b,1.260,466.00
HATS-26 b,1.750,907.00
HATS-27 b,1.500,840.00
HATS-28 b,1.194,521.00
HATS-29 b,1.251,351.00
HATS-3 b,1.381,453.00
HATS-30 b,1.175,339.00
HATS-31 b,1.640,872.00
HATS-32 b,1.249,839.00
HATS-33 b,1.230,255.00
HATS-34 b,1.430,532.00
HATS-35 b,1.464,557.00
HATS-36 b,1.153,878.65
HATS-39 b,1.570,773.00
HATS-4 b,1.020,420.00
HATS-40 b,1.580,1431.00
HATS-41 b,1.330,800.00
HATS-42 b,1.400,942.00
HATS-43 b,1.180,341.00
HATS-44 b,1.067,463.00
HATS-45 b,1.286,818.00
HATS-46 b,0.903,448.00
HATS-5 b,0.912,257.00
HATS-50 b,1.130,717.00
HATS-51 b,1.410,478.00
HATS-52 b,1.382,631.00
HATS-53 b,1.340,613.00
HATS-54 b,1.067,769.00
HATS-55 b,1.251,623.60
HATS-56 b,1.688,577.10
HATS-57 b,1.139,280.00
HATS-58 A b,1.095,492.00
HATS-59 b,1.126,654.88
HATS-59 c,,654.88
HATS-6 b,0.998,148.40
HATS-60 b,1.153,494.30
HATS-61 b,1.195,694.00
HATS-62 b,1.055,516.80
HATS-63 b,1.207,634.80
HATS-64 b,1.679,1083.00
HATS-65 b,1.501,495.00
HATS-66 b,1.411,1538.00
HATS-67 b,1.685,982.00
HATS-68 b,1.232,618.20
HATS-69 b,0.945,420.30
HATS-7 b,0.563,257.00
HATS-70 b,1.384,1307.00
HATS-8 b,0.873,829.00
HATS-9 b,1.236,654.36
HD 100546 b,6.900,110.02
HD 100655 b,,137.72
HD 100777 b,,49.60
HD 10180 c,,39.00
HD 10180 d,,39.00
HD 10180 e,,39.00
HD 10180 f,,39.00
HD 10180 g,,39.00
HD 10180 h,,39.00
HD 101930 b,,30.05
HD 102117 b,,39.62
HD 102195 b,,29.36
HD 102272 b,,350.01
HD 102329 b,,218.42
HD 102329 c,,218.42
HD 102365 b,,9.29
HD 102843 b,,62.87
HD 102956 b,,122.32
HD 103197 b,,57.24
HD 103720 b,,41.60
HD 103774 b,,56.50
HD 103949 b,,26.52
HD 104067 b,,20.38
HD 10442 b,,135.89
HD 104985 b,,100.86
HD 106252 b,,38.23
HD 106270 b,,94.06
HD 106315 b,0.218,109.00
HD 106315 c,0.388,109.00
HD 10647 b,,17.34
HD 106515 A b,,34.12
HD 106906 b,,103.33
HD 10697 b,,33.15
HD 107148 b,,49.49
HD 108147 b,,38.96
HD 108341 b,,49.40
HD 108863 b,,165.52
HD 108874 b,,59.62
HD 108874 c,,59.62
HD 109246 b,,67.97
HD 109271 b,,55.96
HD 109271 c,,55.96
HD 109749 b,,63.20
HD 110014 b,,100.98
HD 111232 b,,28.98
HD 111591 b,,114.54
HD 111998 b,,33.26
HD 113337 b,,36.22
HD 113538 b,,15.90
HD 113538 c,,15.90
HD 113996 b,,116.34
HD 114386 b,,27.95
HD 114613 b,,20.29
HD 114729 b,,37.85
HD 114762 b,,40.23
HD 114783 b,,20.40
HD 114783 c,,20.40
HD 11506 b,,51.34
HD 11506 c,,51.34
HD 116029 b,,123.68
HD 116029 c,,123.68
HD 117207 b,,32.38
HD 11755 b,,236.64
HD 117618 b,,37.82
HD 118203 b,,92.51
HD 119130 b,0.235,114.29
HD 11964 b,,33.57
HD 11964 c,,33.57
HD 11977 b,,68.05
HD 120084 b,,103.35
HD 121504 b,,41.71
HD 12484 b,,51.10
HD 125595 b,,28.22
HD 125612 b,,57.72
HD 125612 c,,57.72
HD 125612 d,,57.72
HD 12648 b,,183.15
HD 126525 b,,37.69
HD 12661 b,,37.89
HD 12661 c,,37.89
HD 126614 b,,73.25
HD 128311 b,,16.52
HD 128311 c,,16.52
HD 128356 b,,26.03
HD 129445 b,,67.57
HD 130322 b,,31.91
HD 131496 b,,132.34
HD 131664 b,,52.89
HD 13167 b,,149.57
HD 13189 b,,504.71
HD 132406 b,,70.93
HD 132563 b,,105.47
HD 133131 A b,,47.00
HD 133131 A c,,47.00
HD 133131 B b,,47.00
HD 134060 b,,24.20
HD 134060 c,,24.20
HD 134987 b,,26.20
HD 134987 c,,26.20
HD 136352 b,,14.81
HD 136352 c,,14.81
HD 136352 d,,14.81
HD 136418 b,,105.49
HD 13724 b,,43.52
HD 137388 b,,40.53
HD 13908 b,,79.73
HD 13908 c,,79.73
HD 13931 b,,47.46
HD 139357 b,,112.45
HD 1397 b,1.026,79.75
HD 14067 b,,142.60
HD 141399 b,,36.20
HD 141399 c,,36.20
HD 141399 d,,36.20
HD 141399 e,,36.20
HD 141937 b,,33.39
HD 142 b,,26.21
HD 142 c,,26.21
HD 142022 A b,,34.31
HD 142245 b,,97.50
HD 142415 b,,35.57
HD 143105 b,,48.70
HD 143361 b,,68.65
HD 145377 b,,53.57
HD 145457 b,,135.82
HD 145934 b,,229.35
HD 1461 b,,23.47
HD 1461 c,,23.47
HD 147018 b,,42.96
HD 147018 c,,42.96
HD 147379 b,,10.77
HD 147513 b,,12.91
HD 14787 b,,119.54
HD 147873 b,,109.38
HD 147873 c,,109.38
HD 148156 b,,57.22
HD 148164 b,,77.37
HD 148164 c,,77.37
HD 148284 b,,121.61
HD 148427 b,,71.50
HD 149026 b,0.740,76.03
HD 149143 b,,73.43
HD 1502 b,,191.96
HD 150706 b,,28.29
HD 152079 b,,88.11
HD 152581 b,,166.54
HD 15337 b,0.146,44.87
HD 15337 c,0.213,44.87
HD 153950 b,,48.52
HD 154345 b,,18.29
HD 154672 b,,63.16
HD 154857 b,,63.56
HD 154857 c,,63.56
HD 155233 b,,75.13
HD 155358 b,,43.67
HD 155358 c,,43.67
HD 156279 b,,36.23
HD 156279 c,,36.23
HD 156411 b,,56.96
HD 156668 b,,24.35
HD 156846 b,,47.80
HD 158038 b,,95.12
HD 158996 b,,285.91
HD 159243 b,,73.46
HD 159243 c,,73.46
HD 159868 b,,55.94
HD 159868 c,,55.94
HD 1605 b,,89.03
HD 1605 c,,89.03
HD 160691 b,,15.61
HD 160691 c,,15.61
HD 160691 d,,15.61
HD 160691 e,,15.61
HD 16141 b,,37.83
HD 16175 b,,59.96
HD 162020 b,,30.85
HD 163607 b,,67.92
HD 163607 c,,67.92
HD 16417 b,,25.41
HD 164509 b,,53.19
HD 164595 b,,28.28
HD 164604 b,,39.41
HD 164922 b,,22.02
HD 164922 c,,22.02
HD 165155 b,,63.47
HD 1666 b,,118.31
HD 166724 b,,45.19
HD 167042 b,,49.73
HD 168443 b,,39.67
HD 168443 c,,39.67
HD 168746 b,,41.62
HD 1690 b,,769.37
HD 169830 b,,37.64
HD 169830 c,,37.64
HD 170469 b,,60.28
HD 17092 b,,229.89
HD 171028 b,,112.01
HD 171238 b,,44.87
HD 17156 b,1.100,78.26
HD 173416 b,,132.68
HD 175167 b,,71.23
HD 175541 b,,130.08
HD 175607 b,,40.38
HD 17674 b,,44.48
HD 176986 b,,27.81
HD 176986 c,,27.81
HD 177565 b,,16.93
HD 177830 b,,62.88
HD 177830 c,,62.88
HD 178911 B b,,41.02
HD 179079 b,,69.85
HD 179949 b,,27.48
HD 180053 b,,137.59
HD 18015 b,,124.24
HD 180314 b,,122.79
HD 180617 b,,5.91
HD 180902 b,,104.89
HD 181234 b,,47.81
HD 181342 b,,120.81
HD 181433 b,,26.90
HD 181433 c,,26.90
HD 181433 d,,26.90
HD 181720 b,,60.31
HD 183263 b,,54.28
HD 183263 c,,54.28
HD 185269 b,,52.07
HD 187085 b,,45.96
HD 187123 b,,46.02
HD 187123 c,,46.02
HD 18742 b,,163.37
HD 188015 b,,50.74
HD 189733 b,1.130,19.78
HD 190360 b,,16.01
HD 190360 c,,16.01
HD 190647 b,,54.56
HD 190984 b,,148.81
HD 191806 b,,65.79
HD 192263 b,,19.65
HD 192310 b,,8.80
HD 192310 c,,8.80
HD 192699 b,,72.01
HD 195019 b,,37.71
HD 196050 b,,50.75
HD 196067 b,,39.98
HD 196885 b,,34.20
HD 197037 b,,33.00
HD 19994 b,,22.54
HD 20003 b,,43.80
HD 20003 c,,43.80
HD 200964 b,,72.74
HD 200964 c,,72.74
HD 202206 c,,46.03
HD 202696 b,,189.56
HD 202696 c,,189.56
HD 202772 A b,1.545,147.20
HD 203030 b,,39.29
HD 203473 b,,72.79
HD 2039 b,,85.90
HD 204313 b,,47.86
HD 204313 c,,47.86
HD 204941 b,,28.74
HD 205739 b,,92.74
HD 206255 b,,75.40
HD 206610 b,,147.78
HD 20781 b,,35.37
HD 20781 c,,35.37
HD 20781 d,,35.37
HD 20781 e,,35.37
HD 20782 b,,36.02
HD 207832 b,,59.03
HD 207832 c,,59.03
HD 20794 b,,6.00
HD 20794 c,,6.00
HD 20794 d,,6.00
HD 20794 e,,6.00
HD 208487 b,,44.00
HD 208527 b,,314.48
HD 20868 b,,47.79
HD 208897 b,,64.68
HD 209458 b,1.390,48.37
HD 210193 b,,42.25
HD 210277 b,,21.31
HD 210702 b,,54.28
HD 211810 b,,64.76
HD 211970 b,,13.00
HD 212301 b,,54.32
HD 212771 b,,111.51
HD 213240 b,,40.92
HD 21411 b,,29.16
HD 214823 b,,101.66
HD 215152 b,,21.61
HD 215152 c,,21.61
HD 215152 d,,21.61
HD 215152 e,,21.61
HD 215497 b,,40.59
HD 215497 c,,40.59
HD 216435 b,,33.01
HD 216437 b,,26.71
HD 216536 b,,380.33
HD 216770 b,,36.70
HD 21693 b,,32.38
HD 21693 c,,32.38
HD 217107 b,,20.07
HD 217107 c,,20.07
HD 21749 c,0.080,16.33
HD 217786 b,,54.80
HD 217850 b,,65.90
HD 218566 b,,28.85
HD 219077 b,,29.21
HD 219134 b,0.143,6.53
HD 219134 c,0.135,6.53
HD 219134 d,0.144,6.53
HD 219134 f,0.117,6.53
HD 219134 g,,6.53
HD 219134 h,,6.53
HD 219415 b,,165.97
HD 219666 b,0.420,94.43
HD 219828 b,,73.27
HD 219828 c,,73.27
HD 220074 b,,327.41
HD 220689 b,,46.94
HD 220773 b,,49.00
HD 220842 b,,62.50
HD 221287 b,,56.01
HD 221416 b,0.836,95.08
HD 221420 b,,31.17
HD 221585 b,,55.94
HD 222076 b,,91.39
HD 222155 b,,50.68
HD 222582 b,,42.21
HD 224538 b,,79.24
HD 224693 b,,93.75
HD 22781 b,,32.63
HD 23079 b,,33.49
HD 23127 b,,94.11
HD 231701 b,,109.22
HD 233604 b,,868.63
HD 23472 b,,39.08
HD 23472 c,,39.08
HD 23596 b,,52.08
HD 238914 b,,527.24
HD 240210 b,,142.86
HD 240237 b,,958.16
HD 24040 b,,46.68
HD 24064 b,,302.86
HD 24085 b,,54.99
HD 25015 b,,37.47
HD 25171 b,,55.70
HD 2638 b,,55.05
HD 2685 b,1.440,197.98
HD 26965 b,,5.04
HD 27442 b,,18.28
HD 27631 b,,50.36
HD 27894 b,,43.88
HD 27894 c,,43.88
HD 27894 d,,43.88
HD 28185 b,,39.43
HD 28254 b,,54.70
HD 285507 b,,45.09
HD 285968 b,,9.47
HD 28678 b,,190.92
HD 29021 b,,31.02
HD 290327 b,,56.52
HD 2952 b,,110.45
HD 30177 b,,55.68
HD 30177 c,,55.68
HD 30562 b,,26.18
HD 30669 b,,57.10
HD 30856 b,,131.70
HD 31253 b,,58.24
HD 31527 b,,38.57
HD 31527 c,,38.57
HD 31527 d,,38.57
HD 3167 b,0.152,47.36
HD 3167 c,0.255,47.36
HD 3167 d,,47.36
HD 32518 b,,122.55
HD 32963 b,,38.12
HD 330075 b,,45.36
HD 33142 b,,121.80
HD 33142 c,,121.80
HD 33283 b,,90.10
HD 33564 b,,20.97
HD 33844 b,,106.10
HD 33844 c,,106.10
HD 34445 b,,46.15
HD 34445 c,,46.15
HD 34445 d,,46.15
HD 34445 e,,46.15
HD 34445 f,,46.15
HD 34445 g,,46.15
HD 35759 b,,72.50
HD 3651 b,,11.14
HD 37124 b,,31.69
HD 37124 c,,31.69
HD 37124 d,,31.69
HD 37605 b,,46.85
HD 37605 c,,46.85
HD 38283 b,,38.10
HD 38529 b,,42.41
HD 38529 c,,42.41
HD 38801 b,,91.68
HD 39091 b,,18.28
HD 39855 b,,23.28
HD 40307 b,,12.94
HD 40307 c,,12.94
HD 40307 d,,12.94
HD 40307 f,,12.94
HD 40307 g,,12.94
HD 40956 b,,116.99
HD 40979 b,,34.12
HD 41004 A b,,43.03
HD 41004 B b,,43.03
HD 4113 b,,41.92
HD 42012 b,,36.84
HD 4203 b,,81.57
HD 4203 c,,81.57
HD 4208 b,,34.23
HD 42618 b,,24.35
HD 4308 b,,22.03
HD 4313 b,,136.82
HD 43197 b,,56.30
HD 43691 b,,85.81
HD 44219 b,,50.40
HD 45184 b,,21.88
HD 45184 c,,21.88
HD 45350 b,,46.94
HD 45364 b,,34.39
HD 45364 c,,34.39
HD 45652 b,,34.89
HD 46375 b,,29.58
HD 47186 b,,37.50
HD 47186 c,,37.50
HD 4732 b,,54.87
HD 4732 c,,54.87
HD 47366 b,,84.56
HD 47366 c,,84.56
HD 47536 b,,122.95
HD 48265 b,,90.78
HD 4917 b,,205.45
HD 49674 b,,43.09
HD 50499 b,,46.35
HD 50499 c,,46.35
HD 50554 b,,31.19
HD 51608 b,,34.83
HD 51608 c,,34.83
HD 52265 b,,30.01
HD 5319 b,,121.83
HD 5319 c,,121.83
HD 55696 b,,78.15
HD 5583 b,,221.00
HD 5608 b,,58.21
HD 564 b,,53.60
HD 5891 b,,285.75
HD 59686 A b,,96.80
HD 60532 b,,25.99
HD 60532 c,,25.99
HD 62509 b,,10.34
HD 63454 b,,37.73
HD 63765 b,,32.57
HD 64114 b,,31.55
HD 6434 b,,42.41
HD 65216 b,,35.16
HD 65216 c,,35.16
HD 66141 b,,68.16
HD 66428 b,,53.36
HD 67087 b,,76.69
HD 67087 c,,76.69
HD 6718 b,,51.42
HD 68402 b,,78.61
HD 68988 b,,60.95
HD 69830 b,,12.56
HD 69830 c,,12.56
HD 69830 d,,12.56
HD 70573 b,,45.70
HD 70642 b,,29.30
HD 7199 b,,36.19
HD 72490 b,,126.79
HD 72659 b,,51.97
HD 72892 b,,69.87
HD 73267 b,,54.91
HD 73526 b,,97.51
HD 73526 c,,97.51
HD 73534 b,,83.53
HD 74156 b,,64.60
HD 74156 c,,64.60
HD 7449 b,,38.71
HD 75289 b,,29.14
HD 75784 b,,85.64
HD 75784 c,,85.64
HD 75898 b,,78.23
HD 76700 b,,60.99
HD 76920 b,,184.80
HD 77338 b,,46.00
HD 7924 b,,17.00
HD 7924 c,,17.00
HD 7924 d,,17.00
HD 79498 b,,49.02
HD 80606 b,1.070,66.60
HD 81040 b,,34.47
HD 81688 b,,85.92
HD 82886 b,,127.52
HD 82943 b,,27.61
HD 82943 c,,27.61
HD 8326 b,,30.71
HD 83443 b,,40.95
HD 8535 b,,52.50
HD 85390 b,,33.56
HD 85512 b,,11.28
HD 8574 b,,44.88
HD 86081 b,,104.24
HD 86226 b,,45.74
HD 86264 b,,67.94
HD 8673 b,,37.90
HD 86950 b,,211.10
HD 87646 b,,135.17
HD 87883 b,,18.30
HD 88133 b,,73.77
HD 89307 b,,32.04
HD 89345 b,0.660,132.80
HD 89744 b,,38.68
HD 90156 b,,21.96
HD 9174 b,,81.68
HD 92788 b,,34.69
HD 92788 c,,34.69
HD 92987 b,,43.59
HD 93083 b,,28.54
HD 9446 b,,50.42
HD 9446 c,,50.42
HD 94834 b,,98.43
HD 95086 b,,86.44
HD 95089 b,,137.46
HD 95089 c,,137.46
HD 95127 b,,689.75
HD 95872 b,,72.37
HD 96063 b,,140.62
HD 96127 b,,597.42
HD 96167 b,,85.51
HD 97658 b,0.210,21.58
HD 98219 b,,114.07
HD 98649 b,,42.22
HD 98736 b,,32.48
HD 99109 b,,54.88
HD 99492 b,,18.21
HD 99706 b,,147.21
HD 99706 c,,147.21
HIP 105854 b,,78.80
HIP 107773 b,,103.63
HIP 109384 b,,56.20
HIP 109600 b,,58.60
HIP 116454 b,0.220,62.56
HIP 12961 b,,23.39
HIP 14810 b,,50.55
HIP 14810 c,,50.55
HIP 14810 d,,50.55
HIP 35173 b,,33.19
HIP 41378 b,,106.61
HIP 41378 c,,106.61
HIP 41378 d,,106.61
HIP 41378 e,,106.61
HIP 41378 f,,106.61
HIP 5158 b,,51.68
HIP 5158 c,,51.68
HIP 54373 b,,18.73
HIP 54373 c,,18.73
HIP 57274 b,,25.88
HIP 57274 c,,25.88
HIP 57274 d,,25.88
HIP 63242 b,,157.16
HIP 65407 b,,55.50
HIP 65407 c,,55.50
HIP 65426 b,1.500,111.40
HIP 65891 b,,136.05
HIP 67537 b,,112.60
HIP 67851 b,,65.96
HIP 67851 c,,65.96
HIP 70849 b,,24.07
HIP 71135 b,,32.36
HIP 74890 b,,91.49
HIP 78530 b,,156.70
HIP 79098 AB b,,146.30
HIP 79431 b,,14.54
HIP 8541 b,,168.63
HIP 91258 b,,45.95
HIP 97233 b,,102.58
HN Peg b,1.051,18.13
HR 2562 b,1.110,34.04
HR 5183 b,,31.49
HR 810 b,,17.33
HR 858 b,0.186,31.99
HR 858 c,0.173,31.99
HR 858 d,0.193,31.99
HR 8799 b,1.200,39.40
HR 8799 c,1.200,39.40
HR 8799 d,1.200,39.40
HR 8799 e,1.170,39.40
IC 4651 9122 b,,879.38
K2-10 b,0.343,274.48
K2-100 b,0.320,190.04
K2-101 b,0.178,189.33
K2-102 b,0.116,189.17
K2-104 b,0.175,190.21
K2-105 b,0.301,199.28
K2-107 b,1.426,696.95
K2-108 b,0.476,484.99
K2-11 b,0.674,332.46
K2-110 b,0.228,116.84
K2-111 b,0.170,201.51
K2-113 b,1.083,649.75
K2-114 b,0.952,484.80
K2-115 b,1.076,418.58
K2-116 b,0.062,49.46
K2-117 b,0.181,101.95
K2-117 c,0.184,101.95
K2-118 b,0.227,324.70
K2-119 b,0.226,369.66
K2-12 b,0.208,329.36
K2-120 b,0.179,289.54
K2-121 b,0.669,170.37
K2-122 b,0.108,72.19
K2-123 b,0.246,162.36
K2-124 b,0.259,140.40
K2-125 b,0.194,124.60
K2-126 b,0.176,103.29
K2-127 b,0.747,723.97
K2-128 b,0.127,115.01
K2-129 b,0.093,27.82
K2-13 b,0.169,345.76
K2-130 b,0.112,118.41
K2-131 b,0.152,153.70
K2-132 b,1.300,620.41
K2-133 b,0.120,75.20
K2-133 c,0.143,75.20
K2-133 d,0.179,75.20
K2-133 e,0.154,75.20
K2-136 b,0.088,59.35
K2-136 c,0.260,59.35
K2-136 d,0.129,59.35
K2-137 b,0.079,99.15
K2-138 b,0.140,183.00
K2-138 c,0.225,183.00
K2-138 d,0.237,183.00
K2-138 e,0.294,183.00
K2-138 f,0.251,183.00
K2-139 b,0.813,154.60
K2-14 b,0.429,367.72
K2-140 b,1.093,341.60
K2-141 b,0.135,61.98
K2-141 c,0.624,61.98
K2-146 b,0.183,79.31
K2-146 c,0.195,79.31
K2-147 b,0.123,88.00
K2-148 b,0.119,121.00
K2-148 c,0.154,121.00
K2-148 d,0.146,121.00
K2-149 b,0.146,118.00
K2-15 b,0.221,501.03
K2-150 b,0.178,110.00
K2-151 b,0.133,69.61
K2-152 b,0.204,108.70
K2-153 b,0.178,143.60
K2-154 b,0.178,129.80
K2-154 c,0.185,129.80
K2-155 b,0.161,82.00
K2-155 c,0.232,82.00
K2-155 d,0.170,82.00
K2-156 b,0.103,150.40
K2-157 b,0.094,300.88
K2-158 b,0.236,198.20
K2-158 c,0.114,198.20
K2-159 b,0.202,171.90
K2-16 b,0.180,338.19
K2-16 c,0.227,338.19
K2-160 b,0.284,318.19
K2-161 b,0.546,941.09
K2-162 b,0.128,125.10
K2-163 b,0.220,209.67
K2-164 b,0.290,379.64
K2-165 b,0.114,135.10
K2-165 c,0.139,135.10
K2-165 d,0.236,135.10
K2-166 b,0.195,481.00
K2-167 b,0.252,81.08
K2-168 b,0.166,245.56
K2-169 b,0.114,237.35
K2-17 b,0.199,125.56
K2-170 b,0.127,397.26
K2-170 c,0.161,397.26
K2-171 b,0.240,616.41
K2-172 b,0.149,251.51
K2-172 c,0.286,251.51
K2-173 b,0.143,230.14
K2-174 b,0.232,100.10
K2-175 b,0.182,249.01
K2-176 b,0.133,249.01
K2-177 b,0.189,499.02
K2-178 b,0.317,216.08
K2-179 b,0.224,191.84
K2-18 b,0.211,38.07
K2-18 c,,38.07
K2-180 b,0.206,204.51
K2-181 b,0.253,364.82
K2-182 b,0.246,155.90
K2-183 b,0.232,331.77
K2-183 c,0.256,331.77
K2-183 d,0.255,331.77
K2-184 b,0.138,75.79
K2-185 b,0.117,270.41
K2-186 b,0.283,333.84
K2-187 b,0.116,333.51
K2-187 c,0.161,333.51
K2-187 d,0.283,333.51
K2-187 e,0.212,333.51
K2-188 b,0.120,452.90
K2-188 c,0.252,452.90
K2-189 b,0.136,243.93
K2-189 c,0.223,243.93
K2-19 b,0.691,292.14
K2-19 c,0.434,292.14
K2-19 d,0.102,292.14
K2-190 b,0.121,161.42
K2-190 c,0.098,161.42
K2-191 b,0.141,289.57
K2-192 b,0.136,223.99
K2-193 b,0.352,416.91
K2-194 b,0.325,640.65
K2-195 b,0.279,317.83
K2-195 c,0.230,317.83
K2-196 b,0.321,594.09
K2-197 b,0.228,249.59
K2-198 b,0.374,110.91
K2-198 c,0.127,110.91
K2-198 d,0.218,110.91
K2-199 b,0.167,107.97
K2-199 c,0.248,107.97
K2-200 b,0.122,185.09
K2-201 b,0.125,199.05
K2-201 c,0.293,199.05
K2-202 b,0.205,302.99
K2-203 b,0.122,166.93
K2-204 b,0.272,586.87
K2-205 b,0.178,409.95
K2-206 b,0.249,246.14
K2-207 b,0.232,366.84
K2-208 b,0.150,258.76
K2-209 b,0.077,76.67
K2-21 b,0.164,83.85
K2-21 c,0.222,83.85
K2-210 b,0.073,177.39
K2-211 b,0.123,274.39
K2-212 b,0.225,109.32
K2-213 b,0.135,394.05
K2-214 b,0.217,303.28
K2-215 b,0.189,408.67
K2-216 b,0.156,115.84
K2-217 b,0.319,386.01
K2-218 b,0.229,398.41
K2-219 b,0.120,328.42
K2-219 c,0.128,328.42
K2-219 d,0.230,328.42
K2-22 b,0.223,245.53
K2-220 b,0.213,234.92
K2-221 b,0.150,321.63
K2-222 b,0.213,101.59
K2-223 b,0.079,201.10
K2-223 c,0.140,201.10
K2-224 b,0.139,277.70
K2-224 c,0.215,277.70
K2-225 b,0.311,360.30
K2-226 b,0.137,211.20
K2-227 b,0.149,188.22
K2-228 b,0.108,142.40
K2-229 b,0.102,103.80
K2-229 c,0.181,103.80
K2-230 b,0.175,548.90
K2-231 b,0.223,295.00
K2-232 b,1.000,131.21
K2-233 b,0.125,67.64
K2-233 c,0.119,67.64
K2-233 d,0.236,67.64
K2-237 b,1.642,309.50
K2-238 b,1.300,453.00
K2-239 b,0.098,49.00
K2-239 c,0.089,49.00
K2-239 d,0.098,49.00
K2-24 b,0.482,171.39
K2-24 c,0.669,171.39
K2-240 b,0.178,70.00
K2-240 c,0.161,70.00
K2-241 b,0.227,149.60
K2-242 b,0.227,109.60
K2-243 b,0.194,269.20
K2-243 c,0.179,269.20
K2-244 b,0.156,214.00
K2-245 b,0.387,463.40
K2-246 b,0.311,723.10
K2-247 b,0.189,260.20
K2-247 c,0.195,260.20
K2-248 b,0.229,410.50
K2-249 b,0.249,528.30
K2-25 b,0.306,45.01
K2-250 b,0.218,417.60
K2-251 b,0.210,147.70
K2-252 b,0.155,229.90
K2-253 b,1.130,901.80
K2-254 b,0.145,229.40
K2-254 c,0.195,229.40
K2-255 b,0.259,192.40
K2-256 b,0.235,580.50
K2-257 b,0.074,64.10
K2-258 b,0.268,675.20
K2-259 b,0.207,422.10
K2-26 b,0.238,99.33
K2-260 b,1.552,676.32
K2-261 b,0.850,214.58
K2-263 b,0.215,163.23
K2-264 b,0.199,187.00
K2-264 c,0.238,187.00
K2-265 b,0.153,139.22
K2-266 b,0.294,77.16
K2-266 c,0.063,77.16
K2-266 d,0.261,77.16
K2-266 e,0.244,77.16
K2-268 b,0.126,331.46
K2-268 c,0.240,331.46
K2-269 b,0.140,362.07
K2-27 b,0.400,251.43
K2-270 b,0.123,283.53
K2-270 c,0.263,283.53
K2-271 b,0.649,571.47
K2-272 b,0.260,426.57
K2-273 b,0.394,310.60
K2-274 b,0.196,232.82
K2-275 b,0.200,124.09
K2-275 c,0.209,124.09
K2-276 b,0.336,489.88
K2-277 b,0.185,113.53
K2-278 b,0.266,804.13
K2-279 b,0.108,183.80
K2-28 b,0.207,63.11
K2-280 b,0.684,396.90
K2-281 b,0.730,466.11
K2-282 b,0.252,502.28
K2-283 b,0.314,408.24
K2-284 b,0.248,107.60
K2-285 b,0.231,155.65
K2-285 c,0.315,155.65
K2-285 d,0.221,155.65
K2-285 e,0.174,155.65
K2-286 b,0.187,76.32
K2-287 b,0.847,159.05
K2-288 B b,0.170,65.72
K2-289 b,0.812,270.70
K2-29 b,1.190,179.39
K2-290 b,0.273,274.99
K2-290 c,1.006,274.99
K2-291 b,0.142,90.29
K2-293 b,0.219,396.64
K2-294 b,0.148,377.04
K2-295 b,0.897,225.70
K2-3 b,0.194,44.13
K2-3 c,0.165,44.13
K2-3 d,0.135,44.13
K2-30 b,1.039,336.26
K2-308 b,0.884,
K2-31 b,1.060,110.87
K2-32 b,0.443,158.39
K2-32 c,0.244,158.39
K2-32 d,0.292,158.39
K2-32 e,0.090,158.39
K2-33 b,0.450,139.80
K2-34 b,1.245,352.34
K2-35 b,0.172,254.43
K2-35 c,0.118,254.43
K2-36 b,0.128,110.09
K2-36 c,0.285,110.09
K2-37 b,0.144,180.86
K2-37 c,0.245,180.86
K2-37 d,0.244,180.86
K2-38 b,0.170,193.71
K2-38 c,0.216,193.71
K2-39 b,0.560,310.14
K2-4 b,0.187,233.37
K2-42 b,0.192,401.36
K2-43 b,0.402,183.48
K2-43 c,0.216,183.48
K2-44 b,0.243,483.19
K2-45 b,0.599,502.34
K2-46 b,0.183,454.93
K2-47 b,0.169,353.38
K2-48 b,0.200,316.61
K2-49 b,0.172,463.06
K2-5 b,0.170,204.12
K2-5 c,0.202,204.12
K2-50 b,0.142,259.33
K2-52 b,1.606,1041.70
K2-53 b,0.232,139.10
K2-54 b,0.103,175.84
K2-55 b,0.341,160.26
K2-57 b,0.187,266.23
K2-58 b,0.239,182.69
K2-58 c,0.145,182.69
K2-58 d,0.153,182.69
K2-59 b,0.215,314.09
K2-59 c,0.205,314.09
K2-6 b,0.223,319.59
K2-60 b,0.683,498.70
K2-61 b,0.221,410.35
K2-62 b,0.191,112.83
K2-62 c,0.191,112.83
K2-63 b,0.287,524.41
K2-63 c,0.348,524.41
K2-64 b,0.185,506.87
K2-65 b,0.141,78.06
K2-66 b,0.222,520.43
K2-68 b,0.141,169.47
K2-69 b,0.207,181.63
K2-7 b,0.238,754.64
K2-70 b,0.258,234.47
K2-71 b,0.192,153.86
K2-72 b,0.096,66.56
K2-72 c,0.103,66.56
K2-72 d,0.090,66.56
K2-72 e,0.115,66.56
K2-73 b,0.219,271.27
K2-74 b,0.206,381.85
K2-75 b,0.238,570.86
K2-75 c,0.247,570.86
K2-77 b,0.205,142.31
K2-79 b,0.329,257.90
K2-8 b,0.319,407.93
K2-8 c,0.215,407.93
K2-80 b,0.179,201.96
K2-80 c,0.131,201.96
K2-80 d,0.228,201.96
K2-81 b,0.176,254.14
K2-83 b,0.111,125.98
K2-83 c,0.132,125.98
K2-84 b,0.215,287.23
K2-84 c,0.181,287.23
K2-85 b,0.090,97.49
K2-86 b,0.175,260.61
K2-87 b,0.678,503.60
K2-88 b,0.110,110.91
K2-89 b,0.055,86.25
K2-9 b,0.201,83.16
K2-90 b,0.232,134.90
K2-90 c,0.116,134.90
K2-91 b,0.098,62.69
K2-95 b,0.346,180.63
K2-97 b,0.947,869.76
K2-98 b,0.464,526.31
K2-99 b,1.046,522.29
KELT-1 b,1.110,262.00
KELT-10 b,1.399,183.00
KELT-11 b,1.350,99.44
KELT-12 b,1.780,360.00
KELT-14 b,1.743,266.00
KELT-15 b,1.740,327.74
KELT-16 b,1.415,450.28
KELT-17 b,1.525,210.00
KELT-18 b,1.570,311.00
KELT-19 A b,1.910,302.80
KELT-2 A b,1.350,134.57
KELT-20 b,1.741,139.70
KELT-21 b,1.586,415.00
KELT-23 A b,1.323,125.42
KELT-24 b,1.272,96.03
KELT-3 b,1.560,211.35
KELT-4 A b,1.699,210.00
KELT-6 b,1.300,242.39
KELT-6 c,,242.39
KELT-7 b,1.600,137.21
KELT-8 b,1.620,198.70
KELT-9 b,1.891,205.65
KIC 10001893 b,,1758.47
KIC 10001893 c,,1758.47
KIC 10001893 d,,1758.47
KIC 10525077 b,0.491,1525.31
KIC 3558849 b,0.616,1258.75
KIC 5437945 b,0.571,1322.48
KIC 5951458 b,0.589,758.78
KIC 7917485 b,,1439.31
KIC 8540376 b,0.366,1106.37
KIC 8540376 c,0.214,1106.37
KIC 9663113 b,0.410,1670.88
KMT-2016-BLG-0212L b,,6300.00
KMT-2016-BLG-1107L b,,6651.00
KMT-2016-BLG-1397L b,,6600.00
KMT-2016-BLG-1820L b,,6260.00
KMT-2016-BLG-2142L b,,7010.00
KMT-2017-BLG-0165L b,,4530.00
KMT-2017-BLG-1038L b,,6000.00
KMT-2017-BLG-1146L b,,6500.00
KOI-12 b,1.540,403.99
KOI-1257 b,0.940,900.00
KOI-13 b,1.512,415.00
KOI-142 b,0.337,339.00
KOI-142 c,,339.00
KOI-1599.01,0.170,1168.99
KOI-1599.02,0.170,1168.99
KOI-217 b,1.110,800.00
KOI-351 b,0.117,780.00
KOI-351 c,0.106,780.00
KOI-351 d,0.256,780.00
KOI-351 e,0.237,780.00
KOI-351 f,0.257,780.00
KOI-351 g,0.723,780.00
KOI-351 h,1.008,780.00
KOI-3680 b,0.990,946.59
KOI-55 b,0.068,1180.00
KOI-55 c,0.077,1180.00
KOI-94 b,0.153,483.65
KOI-94 c,0.385,483.65
KOI-94 d,1.005,483.65
KOI-94 e,0.585,483.65
KPS-1 b,1.030,264.69
Kapteyn c,,3.93
Kepler-10 b,0.132,186.50
Kepler-10 c,0.210,186.50
Kepler-100 b,0.118,307.34
Kepler-100 c,0.196,307.34
Kepler-100 d,0.144,307.34
Kepler-1000 b,0.425,925.00
Kepler-1001 b,0.281,1009.00
Kepler-1002 b,0.153,425.00
Kepler-1003 b,0.159,873.00
Kepler-1004 b,0.560,1080.00
Kepler-1005 b,0.134,515.00
Kepler-1006 b,0.137,496.00
Kepler-1007 b,0.128,365.00
Kepler-1008 b,0.114,299.00
Kepler-1009 b,0.194,281.00
Kepler-101 b,0.510,953.44
Kepler-101 c,0.112,953.44
Kepler-1010 b,0.207,610.00
Kepler-1011 b,0.256,860.00
Kepler-1012 b,0.115,420.00
Kepler-1013 b,0.192,433.00
Kepler-1014 b,0.213,672.00
Kepler-1015 b,0.317,932.00
Kepler-1016 b,0.194,1239.00
Kepler-1016 c,0.328,1239.00
Kepler-1017 b,0.178,554.00
Kepler-1018 b,0.230,894.00
Kepler-1019 b,0.130,198.00
Kepler-102 b,0.042,108.13
Kepler-102 c,0.052,108.13
Kepler-102 d,0.105,108.13
Kepler-102 e,0.198,108.13
Kepler-102 f,0.079,108.13
Kepler-1020 b,0.203,446.00
Kepler-1021 b,0.208,837.00
Kepler-1022 b,0.211,455.00
Kepler-1023 b,0.235,686.00
Kepler-1024 b,0.349,1017.00
Kepler-1025 b,0.177,716.00
Kepler-1026 b,0.197,389.00
Kepler-1027 b,0.079,291.00
Kepler-1028 b,0.119,633.00
Kepler-1029 b,0.112,422.00
Kepler-103 b,0.301,501.93
Kepler-103 c,0.459,501.93
Kepler-1030 b,0.221,795.00
Kepler-1031 b,0.078,741.00
Kepler-1032 b,0.167,607.00
Kepler-1033 b,0.224,1425.00
Kepler-1034 b,0.202,706.00
Kepler-1035 b,0.104,408.00
Kepler-1036 b,0.269,507.00
Kepler-1037 b,0.114,451.00
Kepler-1038 b,0.315,622.00
Kepler-1039 b,0.130,324.00
Kepler-104 b,0.277,405.42
Kepler-104 c,0.279,405.42
Kepler-104 d,0.319,405.42
Kepler-1040 b,0.186,473.00
Kepler-1041 b,0.262,979.00
Kepler-1042 b,0.195,659.00
Kepler-1043 b,0.227,838.00
Kepler-1044 b,0.238,1507.00
Kepler-1045 b,0.240,971.00
Kepler-1046 b,0.153,518.00
Kepler-1047 b,0.186,566.00
Kepler-1047 c,0.088,566.00
Kepler-1048 b,0.144,415.00
Kepler-1049 b,0.085,129.00
Kepler-105 b,0.429,465.33
Kepler-105 c,0.117,465.33
Kepler-1050 b,0.143,555.00
Kepler-1050 c,0.132,555.00
Kepler-1051 b,0.303,1021.00
Kepler-1052 b,0.261,1051.00
Kepler-1053 b,0.087,171.00
Kepler-1054 b,0.235,1050.00
Kepler-1055 b,0.110,422.00
Kepler-1056 b,0.269,971.00
Kepler-1057 b,0.300,1462.00
Kepler-1058 b,0.243,525.00
Kepler-1059 b,0.154,673.00
Kepler-106 b,0.073,449.98
Kepler-106 c,0.223,449.98
Kepler-106 d,0.085,449.98
Kepler-106 e,0.228,449.98
Kepler-1060 b,0.212,861.00
Kepler-1061 b,0.177,585.00
Kepler-1062 b,0.157,388.00
Kepler-1063 b,0.133,365.00
Kepler-1064 b,0.138,374.00
Kepler-1065 b,0.333,1078.00
Kepler-1065 c,0.143,1078.00
Kepler-1066 b,0.211,399.00
Kepler-1067 b,0.071,689.00
Kepler-1068 b,0.324,1532.00
Kepler-1069 b,0.143,435.00
Kepler-107 b,0.137,525.50
Kepler-107 c,0.142,525.50
Kepler-107 d,0.077,525.50
Kepler-107 e,0.259,525.50
Kepler-1070 b,0.154,1040.00
Kepler-1071 b,0.212,964.00
Kepler-1072 b,0.141,976.00
Kepler-1073 b,0.205,837.00
Kepler-1073 c,0.146,837.00
Kepler-1074 b,0.112,245.00
Kepler-1075 b,0.127,265.00
Kepler-1076 b,0.071,199.00
Kepler-1077 b,0.247,1098.00
Kepler-1078 b,0.170,1215.00
Kepler-1079 b,0.145,481.00
Kepler-108 b,0.772,729.00
Kepler-108 c,0.730,729.00
Kepler-1080 b,0.293,688.00
Kepler-1081 b,0.090,425.00
Kepler-1082 b,0.100,628.00
Kepler-1083 b,0.300,912.00
Kepler-1084 b,0.099,427.00
Kepler-1085 b,0.644,1518.00
Kepler-1086 b,0.218,464.00
Kepler-1086 c,0.262,464.00
Kepler-1087 b,0.054,354.00
Kepler-1088 b,0.127,300.00
Kepler-1089 b,0.163,227.00
Kepler-109 b,0.211,481.40
Kepler-109 c,0.225,481.40
Kepler-1090 b,0.201,702.00
Kepler-1091 b,0.130,915.00
Kepler-1092 b,0.185,914.00
Kepler-1093 b,0.174,848.00
Kepler-1093 c,0.175,848.00
Kepler-1094 b,0.284,1371.00
Kepler-1095 b,0.108,758.00
Kepler-1096 b,0.111,344.00
Kepler-1097 b,0.291,738.00
Kepler-1098 b,0.116,876.00
Kepler-1099 b,0.252,1209.00
Kepler-11 b,0.161,658.59
Kepler-11 c,0.256,658.59
Kepler-11 d,0.278,658.59
Kepler-11 e,0.374,658.59
Kepler-11 f,0.222,658.59
Kepler-11 g,0.297,658.59
Kepler-110 b,0.163,596.52
Kepler-110 c,0.197,596.52
Kepler-1100 b,0.156,940.00
Kepler-1101 b,0.220,897.00
Kepler-1102 b,0.237,986.00
Kepler-1103 b,0.203,921.00
Kepler-1104 b,0.110,516.00
Kepler-1105 b,0.179,369.00
Kepler-1106 b,0.147,1168.00
Kepler-1107 b,0.120,457.00
Kepler-1108 b,0.130,764.00
Kepler-1109 b,0.195,797.00
Kepler-111 b,0.141,669.92
Kepler-111 c,0.651,669.92
Kepler-1110 b,0.237,726.00
Kepler-1111 b,0.178,1142.00
Kepler-1112 b,0.269,1734.00
Kepler-1113 b,0.251,1127.00
Kepler-1114 b,0.120,427.00
Kepler-1115 b,0.152,935.00
Kepler-1116 b,0.227,1017.00
Kepler-1117 b,0.099,619.00
Kepler-1118 b,0.244,818.00
Kepler-1119 b,0.171,1288.00
Kepler-112 b,0.211,520.90
Kepler-112 c,0.214,520.90
Kepler-1120 b,0.123,635.00
Kepler-1121 b,0.170,529.00
Kepler-1122 b,0.182,924.00
Kepler-1123 b,0.149,796.00
Kepler-1124 b,0.114,177.00
Kepler-1125 b,0.164,910.00
Kepler-1126 b,0.154,668.00
Kepler-1127 b,0.175,996.00
Kepler-1128 b,0.326,1163.00
Kepler-1129 b,0.264,1258.00
Kepler-1129 c,0.244,1258.00
Kepler-113 b,0.162,264.35
Kepler-113 c,0.194,264.35
Kepler-1130 b,0.071,234.00
Kepler-1131 b,0.142,1109.00
Kepler-1132 b,0.210,940.00
Kepler-1133 b,0.176,821.00
Kepler-1134 b,0.236,997.00
Kepler-1135 b,0.165,728.00
Kepler-1136 b,0.146,545.00
Kepler-1137 b,0.196,971.00
Kepler-1138 b,0.152,1101.00
Kepler-1139 b,0.106,555.00
Kepler-114 b,0.112,261.49
Kepler-114 c,0.143,261.49
Kepler-114 d,0.226,261.49
Kepler-1140 b,0.247,657.00
Kepler-1141 b,0.073,365.00
Kepler-1142 b,0.131,697.00
Kepler-1143 b,0.149,632.00
Kepler-1143 c,0.321,632.00
Kepler-1144 b,0.178,1012.00
Kepler-1145 b,0.125,714.00
Kepler-1146 b,0.110,694.00
Kepler-1147 b,0.233,1476.00
Kepler-1148 b,0.151,682.00
Kepler-1149 b,0.128,1023.00
Kepler-115 b,0.097,634.97
Kepler-115 c,0.232,634.97
Kepler-1150 b,0.091,373.00
Kepler-1151 b,0.198,763.00
Kepler-1152 b,0.078,184.00
Kepler-1153 b,0.154,1185.00
Kepler-1154 b,0.209,1531.00
Kepler-1154 c,0.211,1531.00
Kepler-1155 b,0.181,987.00
Kepler-1156 b,0.118,759.00
Kepler-1157 b,0.097,346.00
Kepler-1158 b,0.209,1258.00
Kepler-1159 b,0.211,1238.00
Kepler-116 b,0.305,982.04
Kepler-116 c,0.205,982.04
Kepler-1160 b,0.191,1293.00
Kepler-1161 b,0.190,428.00
Kepler-1162 b,0.197,989.00
Kepler-1163 b,0.092,487.00
Kepler-1164 b,0.100,447.00
Kepler-1165 b,0.138,1081.00
Kepler-1166 b,0.151,648.00
Kepler-1167 b,0.153,811.00
Kepler-1168 b,0.223,911.00
Kepler-1169 b,0.084,538.00
Kepler-117 b,0.719,1430.00
Kepler-117 c,1.101,1430.00
Kepler-1170 b,0.215,911.00
Kepler-1171 b,0.228,615.00
Kepler-1172 b,0.285,1292.00
Kepler-1173 b,0.079,402.00
Kepler-1174 b,0.142,829.00
Kepler-1175 b,0.267,1244.00
Kepler-1176 b,0.219,1023.00
Kepler-1177 b,0.170,829.00
Kepler-1178 b,0.095,336.00
Kepler-1179 b,0.118,454.00
Kepler-118 b,0.175,583.81
Kepler-118 c,0.685,583.81
Kepler-1180 b,0.178,1284.00
Kepler-1181 b,0.140,867.00
Kepler-1182 b,0.215,1258.00
Kepler-1183 b,0.252,1378.00
Kepler-1184 b,0.239,1193.00
Kepler-1185 b,0.119,296.00
Kepler-1186 b,0.199,1112.00
Kepler-1187 b,0.233,1029.00
Kepler-1188 b,0.186,1202.00
Kepler-1189 b,0.158,883.00
Kepler-119 b,0.321,716.23
Kepler-119 c,0.082,716.23
Kepler-1190 b,0.119,384.00
Kepler-1191 b,0.135,876.00
Kepler-1192 b,0.211,1108.00
Kepler-1193 b,0.118,695.00
Kepler-1194 b,0.135,616.00
Kepler-1195 b,0.186,812.00
Kepler-1196 b,0.199,946.00
Kepler-1197 b,0.112,505.00
Kepler-1198 b,0.131,777.00
Kepler-1199 b,0.103,540.00
Kepler-12 b,1.754,904.40
Kepler-120 b,0.192,393.02
Kepler-120 c,0.136,393.02
Kepler-1200 b,0.095,579.00
Kepler-1201 b,0.204,1202.00
Kepler-1202 b,0.262,1393.00
Kepler-1203 b,0.095,269.00
Kepler-1204 b,0.272,1282.00
Kepler-1205 b,0.126,766.00
Kepler-1206 b,0.146,807.00
Kepler-1207 b,0.145,946.00
Kepler-1208 b,0.207,877.00
Kepler-1209 b,0.135,558.00
Kepler-121 b,0.209,518.09
Kepler-121 c,0.203,518.09
Kepler-1210 b,0.152,1155.00
Kepler-1211 b,0.227,1486.00
Kepler-1212 b,0.191,1304.00
Kepler-1213 b,0.106,685.00
Kepler-1214 b,0.211,757.00
Kepler-1215 b,0.109,701.00
Kepler-1216 b,0.124,1124.00
Kepler-1217 b,0.178,1363.00
Kepler-1218 b,0.128,667.00
Kepler-1219 b,0.189,622.00
Kepler-122 b,0.209,1058.58
Kepler-122 c,0.524,1058.58
Kepler-122 d,0.196,1058.58
Kepler-122 e,0.232,1058.58
Kepler-122 f,0.156,1058.58
Kepler-1220 b,0.136,958.00
Kepler-1221 b,0.168,909.00
Kepler-1222 b,0.070,455.00
Kepler-1223 b,0.109,455.00
Kepler-1224 b,0.119,578.00
Kepler-1225 b,0.162,1241.00
Kepler-1226 b,0.129,779.00
Kepler-1227 b,0.204,667.00
Kepler-1228 b,0.137,547.00
Kepler-1229 b,0.125,236.00
Kepler-123 b,0.262,1052.14
Kepler-123 c,0.132,1052.14
Kepler-1230 b,0.242,1433.00
Kepler-1231 b,0.127,948.00
Kepler-1232 b,0.172,740.00
Kepler-1233 b,0.232,1281.00
Kepler-1234 b,0.251,866.00
Kepler-1235 b,0.070,533.00
Kepler-1236 b,0.191,1078.00
Kepler-1237 b,0.255,1121.00
Kepler-1238 b,0.172,1533.00
Kepler-1239 b,0.259,2511.00
Kepler-124 b,0.065,425.19
Kepler-124 c,0.156,425.19
Kepler-124 d,0.099,425.19
Kepler-1240 b,0.103,614.00
Kepler-1241 b,0.235,936.00
Kepler-1242 b,0.202,682.00
Kepler-1243 b,0.156,877.00
Kepler-1244 b,0.120,764.00
Kepler-1245 b,0.128,861.00
Kepler-1245 c,0.128,861.00
Kepler-1246 b,0.121,435.00
Kepler-1247 b,0.208,1094.00
Kepler-1248 b,0.105,540.00
Kepler-1249 b,0.212,1674.00
Kepler-125 b,0.211,184.34
Kepler-125 c,0.066,184.34
Kepler-1250 b,0.171,1371.00
Kepler-1251 b,0.164,863.00
Kepler-1252 b,0.149,828.00
Kepler-1253 b,0.119,390.00
Kepler-1254 b,0.138,676.00
Kepler-1254 c,0.116,676.00
Kepler-1254 d,0.117,676.00
Kepler-1255 b,0.207,1344.00
Kepler-1256 b,0.133,862.00
Kepler-1257 b,0.136,1081.00
Kepler-1258 b,0.077,651.00
Kepler-1259 b,0.128,704.00
Kepler-126 b,0.136,239.03
Kepler-126 c,0.141,239.03
Kepler-126 d,0.223,239.03
Kepler-1260 b,0.158,1041.00
Kepler-1261 b,0.202,795.00
Kepler-1262 b,0.162,1153.00
Kepler-1263 b,0.102,695.00
Kepler-1264 b,0.105,814.00
Kepler-1265 b,0.120,581.00
Kepler-1266 b,0.230,901.00
Kepler-1267 b,0.269,1628.00
Kepler-1268 b,0.181,1406.00
Kepler-1269 b,0.145,710.00
Kepler-127 b,0.125,356.41
Kepler-127 c,0.237,356.41
Kepler-127 d,0.236,356.41
Kepler-1270 b,0.296,1204.00
Kepler-1271 b,0.132,885.00
Kepler-1272 b,0.211,896.00
Kepler-1273 b,0.222,1355.00
Kepler-1274 b,0.127,609.00
Kepler-1275 b,0.132,1280.00
Kepler-1276 b,0.106,587.00
Kepler-1277 b,0.143,606.00
Kepler-1278 b,0.090,743.00
Kepler-1279 b,0.156,1017.00
Kepler-128 b,0.128,400.93
Kepler-128 c,0.120,400.93
Kepler-1280 b,0.167,1006.00
Kepler-1281 b,0.146,1090.00
Kepler-1282 b,0.138,1126.00
Kepler-1283 b,0.170,1452.00
Kepler-1284 b,0.108,852.00
Kepler-1285 b,0.087,364.00
Kepler-1286 b,0.192,1150.00
Kepler-1287 b,0.137,1027.00
Kepler-1288 b,0.100,715.00
Kepler-1289 b,0.136,1059.00
Kepler-129 b,0.211,413.68
Kepler-129 c,0.227,413.68
Kepler-1290 b,0.127,1321.00
Kepler-1291 b,0.148,982.00
Kepler-1292 b,0.162,1406.00
Kepler-1293 b,0.087,770.00
Kepler-1294 b,0.285,1120.00
Kepler-1295 b,0.138,1257.00
Kepler-1296 b,0.081,631.00
Kepler-1297 b,0.087,996.00
Kepler-1298 b,0.117,498.00
Kepler-1299 b,0.266,1352.00
Kepler-130 b,0.091,319.57
Kepler-130 c,0.259,319.57
Kepler-130 d,0.146,319.57
Kepler-1300 b,0.122,757.00
Kepler-1301 b,0.125,816.00
Kepler-1302 b,0.128,727.00
Kepler-1303 b,0.127,905.00
Kepler-1304 b,0.204,682.00
Kepler-1305 b,0.168,1343.00
Kepler-1306 b,0.170,1130.00
Kepler-1307 b,0.220,1396.00
Kepler-1308 b,0.046,73.00
Kepler-1309 b,0.211,845.00
Kepler-131 b,0.215,230.19
Kepler-131 c,0.075,230.19
Kepler-1310 b,0.128,583.00
Kepler-1311 b,0.111,705.00
Kepler-1311 c,0.109,705.00
Kepler-1312 b,0.187,305.00
Kepler-1313 b,0.157,187.00
Kepler-1314 b,0.456,462.00
Kepler-1315 b,0.123,505.00
Kepler-1316 b,0.316,753.00
Kepler-1317 b,0.139,734.00
Kepler-1318 b,0.277,475.00
Kepler-1319 b,0.120,114.00
Kepler-132 b,0.108,303.00
Kepler-132 c,0.114,303.00
Kepler-132 d,0.138,303.00
Kepler-132 e,0.105,303.00
Kepler-1320 b,0.152,771.00
Kepler-1321 b,0.439,547.00
Kepler-1321 c,0.214,547.00
Kepler-1322 b,0.144,1217.00
Kepler-1323 b,0.136,530.00
Kepler-1324 b,0.135,522.00
Kepler-1325 b,0.255,955.00
Kepler-1326 b,0.373,910.00
Kepler-1327 b,0.161,688.00
Kepler-1328 b,0.087,630.00
Kepler-1329 b,0.194,624.00
Kepler-133 b,0.157,665.37
Kepler-133 c,0.253,665.37
Kepler-1330 b,0.147,939.00
Kepler-1331 b,0.094,365.00
Kepler-1332 b,0.122,515.00
Kepler-1333 b,0.251,958.00
Kepler-1334 b,0.204,1047.00
Kepler-1335 b,0.129,628.00
Kepler-1336 b,0.177,822.00
Kepler-1336 c,0.153,822.00
Kepler-1337 b,0.215,588.00
Kepler-1338 b,0.082,619.00
Kepler-1339 b,0.063,267.00
Kepler-134 b,0.178,338.05
Kepler-134 c,0.112,338.05
Kepler-1340 b,0.138,1421.00
Kepler-1341 b,0.267,466.00
Kepler-1342 b,0.148,941.00
Kepler-1343 b,0.172,1307.00
Kepler-1344 b,0.164,851.00
Kepler-1345 b,0.211,1164.00
Kepler-1346 b,0.141,1123.00
Kepler-1347 b,0.092,321.00
Kepler-1348 b,0.173,1033.00
Kepler-1349 b,0.062,260.00
Kepler-135 b,0.161,632.99
Kepler-135 c,0.103,632.99
Kepler-1350 b,0.225,350.00
Kepler-1350 c,0.154,350.00
Kepler-1351 b,0.058,241.00
Kepler-1352 b,0.079,637.00
Kepler-1353 b,0.161,596.00
Kepler-1354 b,0.265,1057.00
Kepler-1355 b,0.130,963.00
Kepler-1356 b,0.136,881.00
Kepler-1357 b,0.114,1026.00
Kepler-1358 b,0.100,558.00
Kepler-1359 b,0.252,669.00
Kepler-136 b,0.183,425.94
Kepler-136 c,0.178,425.94
Kepler-1360 b,0.303,1405.00
Kepler-1361 b,0.077,404.00
Kepler-1362 b,0.232,767.00
Kepler-1363 b,0.112,559.00
Kepler-1364 b,0.192,1149.00
Kepler-1365 b,0.082,541.00
Kepler-1365 c,0.071,541.00
Kepler-1366 b,0.128,395.00
Kepler-1367 b,0.082,357.00
Kepler-1368 b,0.147,1750.00
Kepler-1369 b,0.240,1236.00
Kepler-137 b,0.131,305.65
Kepler-137 c,0.168,305.65
Kepler-1370 b,0.164,878.00
Kepler-1370 c,0.113,878.00
Kepler-1371 b,0.065,450.00
Kepler-1371 c,0.057,450.00
Kepler-1372 b,0.113,1161.00
Kepler-1373 b,0.103,1112.00
Kepler-1374 b,0.204,1135.00
Kepler-1375 b,0.155,1238.00
Kepler-1376 b,0.094,864.00
Kepler-1377 b,0.112,1019.00
Kepler-1378 b,0.196,562.00
Kepler-1379 b,0.116,951.00
Kepler-138 b,0.047,66.99
Kepler-138 c,0.107,66.99
Kepler-138 d,0.108,66.99
Kepler-1380 b,0.128,1209.00
Kepler-1381 b,0.201,1306.00
Kepler-1382 b,0.168,730.00
Kepler-1383 b,0.126,961.00
Kepler-1384 b,0.173,618.00
Kepler-1385 b,0.076,527.00
Kepler-1386 b,0.111,838.00
Kepler-1387 b,0.083,491.00
Kepler-1388 b,0.231,492.00
Kepler-1388 c,0.202,492.00
Kepler-1388 d,0.255,492.00
Kepler-1388 e,0.219,492.00
Kepler-1389 b,0.158,521.00
Kepler-139 b,0.262,395.45
Kepler-139 c,0.302,395.45
Kepler-1390 b,0.105,760.00
Kepler-1391 b,0.150,721.00
Kepler-1392 b,0.175,1117.00
Kepler-1393 b,0.071,462.00
Kepler-1394 b,0.124,820.00
Kepler-1395 b,0.071,507.00
Kepler-1396 b,0.185,1236.00
Kepler-1397 b,0.153,770.00
Kepler-1398 b,0.080,793.00
Kepler-1398 c,0.092,793.00
Kepler-1399 b,0.112,1256.00
Kepler-14 b,1.136,980.00
Kepler-140 b,0.144,593.80
Kepler-140 c,0.161,593.80
Kepler-1400 b,0.145,879.00
Kepler-1401 b,0.150,1242.00
Kepler-1402 b,0.068,681.00
Kepler-1403 b,0.191,1801.00
Kepler-1404 b,0.179,946.00
Kepler-1405 b,0.353,1605.00
Kepler-1406 b,0.098,587.00
Kepler-1407 b,0.201,1275.00
Kepler-1408 b,0.079,426.00
Kepler-1409 b,0.093,722.00
Kepler-141 b,0.062,303.83
Kepler-141 c,0.126,303.83
Kepler-1410 b,0.159,367.00
Kepler-1411 b,0.252,1431.00
Kepler-1412 b,0.074,639.00
Kepler-1413 b,0.162,1162.00
Kepler-1414 b,0.110,534.00
Kepler-1415 b,0.115,1066.00
Kepler-1416 b,0.079,807.00
Kepler-1417 b,0.089,656.00
Kepler-1418 b,0.148,499.00
Kepler-1419 b,0.255,1444.00
Kepler-142 b,0.178,557.51
Kepler-142 c,0.255,557.51
Kepler-142 d,0.193,557.51
Kepler-1420 b,0.114,923.00
Kepler-1421 b,0.083,675.00
Kepler-1422 b,0.180,2081.00
Kepler-1423 b,0.095,449.00
Kepler-1424 b,0.103,620.00
Kepler-1425 b,0.084,499.00
Kepler-1426 b,0.139,1211.00
Kepler-1427 b,0.098,1220.00
Kepler-1428 b,0.146,802.00
Kepler-1429 b,0.115,1156.00
Kepler-143 b,0.215,828.71
Kepler-143 c,0.301,828.71
Kepler-1430 b,0.105,541.00
Kepler-1431 b,0.131,1270.00
Kepler-1432 b,0.198,1552.00
Kepler-1433 b,0.139,1328.00
Kepler-1434 b,0.099,680.00
Kepler-1435 b,0.077,681.00
Kepler-1436 b,0.117,1142.00
Kepler-1437 b,0.122,1182.00
Kepler-1438 b,0.084,866.00
Kepler-1439 b,0.130,215.00
Kepler-144 b,0.119,389.22
Kepler-144 c,0.120,389.22
Kepler-1440 b,0.112,685.00
Kepler-1441 b,0.117,751.00
Kepler-1442 b,0.351,525.00
Kepler-1443 b,0.087,475.00
Kepler-1444 b,0.194,340.00
Kepler-1445 b,0.086,482.00
Kepler-1446 b,0.073,162.00
Kepler-1447 b,0.259,871.00
Kepler-1448 b,0.144,786.00
Kepler-1449 b,0.150,1321.00
Kepler-145 b,0.236,576.15
Kepler-145 c,0.385,576.15
Kepler-1450 b,0.153,490.00
Kepler-1451 b,0.299,1159.00
Kepler-1452 b,0.241,974.00
Kepler-1453 b,0.238,1284.00
Kepler-1454 b,0.168,795.00
Kepler-1455 b,0.193,392.00
Kepler-1456 b,0.102,379.00
Kepler-1457 b,0.178,728.00
Kepler-1458 b,0.246,642.00
Kepler-1459 b,0.121,435.00
Kepler-146 b,0.331,731.81
Kepler-146 c,0.279,731.81
Kepler-1460 b,0.175,574.00
Kepler-1461 b,0.181,752.00
Kepler-1462 b,0.341,1368.00
Kepler-1463 b,0.166,1341.00
Kepler-1464 b,0.148,692.00
Kepler-1464 c,0.089,692.00
Kepler-1465 b,0.158,350.00
Kepler-1466 b,0.138,686.00
Kepler-1467 b,0.294,890.00
Kepler-1468 b,0.154,1130.00
Kepler-1468 c,0.103,1130.00
Kepler-1469 b,0.250,1255.00
Kepler-147 b,0.136,1073.89
Kepler-147 c,0.217,1073.89
Kepler-1470 b,0.095,569.00
Kepler-1471 b,0.126,1059.00
Kepler-1472 b,0.170,1269.00
Kepler-1473 b,0.106,625.00
Kepler-1474 b,0.193,1214.00
Kepler-1475 b,0.261,1714.00
Kepler-1476 b,0.149,1218.00
Kepler-1477 b,0.105,525.00
Kepler-1478 b,0.154,1405.00
Kepler-1479 b,0.163,619.00
Kepler-148 b,0.161,809.42
Kepler-148 c,0.321,809.42
Kepler-148 d,0.774,809.42
Kepler-1480 b,0.149,540.00
Kepler-1481 b,0.110,493.00
Kepler-1482 b,0.090,442.00
Kepler-1483 b,0.136,1327.00
Kepler-1484 b,0.188,1095.00
Kepler-1485 b,0.131,550.00
Kepler-1486 b,0.207,1465.00
Kepler-1487 b,0.190,1094.00
Kepler-1488 b,0.166,618.00
Kepler-1489 b,0.158,870.00
Kepler-149 b,0.376,580.57
Kepler-149 c,0.144,580.57
Kepler-149 d,0.353,580.57
Kepler-1490 b,0.271,968.00
Kepler-1491 b,0.135,1312.00
Kepler-1492 b,0.133,371.00
Kepler-1493 b,0.126,572.00
Kepler-1494 b,0.274,1059.00
Kepler-1495 b,0.262,1307.00
Kepler-1496 b,0.198,1293.00
Kepler-1497 b,0.148,1122.00
Kepler-1498 b,0.119,740.00
Kepler-1499 b,0.106,310.00
Kepler-15 b,0.960,755.38
Kepler-150 b,0.112,914.40
Kepler-150 c,0.329,914.40
Kepler-150 d,0.249,914.40
Kepler-150 e,0.278,914.40
Kepler-150 f,0.325,914.40
Kepler-1500 b,0.107,904.00
Kepler-1501 b,0.139,888.00
Kepler-1502 b,0.284,1540.00
Kepler-1503 b,0.203,850.00
Kepler-1504 b,0.190,1029.00
Kepler-1505 b,0.083,359.00
Kepler-1506 b,0.118,1318.00
Kepler-1507 b,0.075,342.00
Kepler-1508 b,0.119,892.00
Kepler-1509 b,0.165,1277.00
Kepler-151 b,0.273,662.19
Kepler-151 c,0.186,662.19
Kepler-1510 b,0.300,1615.00
Kepler-1511 b,0.150,897.00
Kepler-1512 b,0.105,162.00
Kepler-1513 b,0.755,384.00
Kepler-1514 b,1.055,379.00
Kepler-1515 b,0.852,504.00
Kepler-1516 b,0.156,872.00
Kepler-1517 b,0.871,869.00
Kepler-1518 b,0.272,1140.00
Kepler-1519 b,0.630,858.00
Kepler-152 b,0.249,446.77
Kepler-152 c,0.213,446.77
Kepler-1520 b,0.515,636.00
Kepler-1521 b,0.223,227.00
Kepler-1522 b,0.154,690.00
Kepler-1523 b,0.141,918.00
Kepler-1524 b,0.316,506.00
Kepler-1525 b,0.081,396.00
Kepler-1526 b,0.217,576.00
Kepler-1527 b,0.426,1560.00
Kepler-1528 b,0.130,916.00
Kepler-1529 b,0.187,683.00
Kepler-153 b,0.261,465.53
Kepler-153 c,0.226,465.53
Kepler-1530 b,0.146,552.00
Kepler-1530 c,0.147,552.00
Kepler-1531 b,0.099,670.00
Kepler-1532 b,0.120,824.00
Kepler-1533 b,0.309,852.00
Kepler-1534 b,0.169,1107.00
Kepler-1535 b,0.227,879.00
Kepler-1536 b,0.280,401.00
Kepler-1537 b,0.105,503.00
Kepler-1538 b,0.252,1291.00
Kepler-1539 b,0.241,788.00
Kepler-154 b,0.202,939.89
Kepler-154 c,0.263,939.89
Kepler-154 d,0.343,939.89
Kepler-154 e,0.134,939.89
Kepler-154 f,0.134,939.89
Kepler-1540 b,0.222,262.00
Kepler-1541 b,0.103,414.00
Kepler-1542 b,0.068,336.00
Kepler-1542 c,0.058,336.00
Kepler-1542 d,0.078,336.00
Kepler-1542 e,0.068,336.00
Kepler-1543 b,0.242,1114.00
Kepler-1544 b,0.159,349.00
Kepler-1545 b,0.241,688.00
Kepler-1546 b,0.279,994.00
Kepler-1547 b,0.080,665.00
Kepler-1548 b,0.236,1150.00
Kepler-1549 b,0.229,792.00
Kepler-155 b,0.186,295.99
Kepler-155 c,0.200,295.99
Kepler-1550 b,0.269,1202.00
Kepler-1551 b,0.237,1560.00
Kepler-1552 b,0.220,618.00
Kepler-1553 b,0.103,719.00
Kepler-1554 b,0.259,982.00
Kepler-1555 b,0.144,1382.00
Kepler-1556 b,0.175,1060.00
Kepler-1557 b,0.136,1532.00
Kepler-1558 b,0.061,343.00
Kepler-1559 b,0.064,580.00
Kepler-156 b,0.205,449.22
Kepler-156 c,0.227,449.22
Kepler-1560 b,0.079,529.00
Kepler-1561 b,0.097,993.00
Kepler-1562 b,0.317,1315.00
Kepler-1563 b,0.067,547.00
Kepler-1564 b,0.131,872.00
Kepler-1565 b,0.106,657.00
Kepler-1566 b,0.070,511.00
Kepler-1567 b,0.244,1226.00
Kepler-1568 b,0.116,883.00
Kepler-1569 b,0.150,1050.00
Kepler-157 b,0.118,791.27
Kepler-157 c,0.200,791.27
Kepler-157 d,0.130,791.27
Kepler-1570 b,0.095,463.00
Kepler-1571 b,0.136,802.00
Kepler-1572 b,0.084,600.00
Kepler-1573 b,0.107,1180.00
Kepler-1574 b,0.115,1275.00
Kepler-1575 b,0.117,1170.00
Kepler-1576 b,0.093,539.00
Kepler-1577 b,0.101,543.00
Kepler-1578 b,0.093,1016.00
Kepler-1579 b,0.075,466.00
Kepler-158 b,0.189,318.06
Kepler-158 c,0.170,318.06
Kepler-1580 b,0.188,872.00
Kepler-1581 b,0.071,443.00
Kepler-1582 b,0.133,112.00
Kepler-1583 b,0.054,357.00
Kepler-1584 b,0.144,1325.00
Kepler-1585 b,0.160,1269.00
Kepler-1586 b,0.136,864.00
Kepler-1587 b,0.119,907.00
Kepler-1588 b,0.068,658.00
Kepler-1589 b,0.097,1418.00
Kepler-159 b,0.212,377.79
Kepler-159 c,0.304,377.79
Kepler-1590 b,0.102,900.00
Kepler-1591 b,0.113,1090.00
Kepler-1592 b,0.137,1349.00
Kepler-1593 b,0.283,755.00
Kepler-1594 b,0.095,1100.00
Kepler-1595 b,0.110,841.00
Kepler-1596 b,0.170,1166.00
Kepler-1597 b,0.095,1255.00
Kepler-1598 b,0.085,734.00
Kepler-1599 b,0.145,1004.00
Kepler-16 b,0.754,75.25
Kepler-160 b,0.137,962.92
Kepler-160 c,0.322,962.92
Kepler-1600 b,0.279,992.00
Kepler-1601 b,0.073,660.00
Kepler-1602 b,0.120,815.00
Kepler-1603 b,0.115,1751.00
Kepler-1604 b,0.126,562.00
Kepler-1605 b,0.096,224.00
Kepler-1606 b,0.185,880.00
Kepler-1607 b,0.082,735.00
Kepler-1608 b,0.154,832.00
Kepler-1609 b,0.198,1483.00
Kepler-161 b,0.189,440.15
Kepler-161 c,0.183,440.15
Kepler-1610 b,0.144,1063.00
Kepler-1611 b,0.072,686.00
Kepler-1612 b,0.092,837.00
Kepler-1613 b,0.186,855.00
Kepler-1614 b,0.133,982.00
Kepler-1615 b,0.184,940.00
Kepler-1616 b,0.091,862.00
Kepler-1617 b,0.107,813.00
Kepler-1618 b,0.112,1238.00
Kepler-1619 b,0.068,520.00
Kepler-162 b,0.112,877.01
Kepler-162 c,0.270,877.01
Kepler-1620 b,0.144,773.00
Kepler-1621 b,0.193,1461.00
Kepler-1622 b,0.131,927.00
Kepler-1623 b,0.117,986.00
Kepler-1624 b,0.509,199.00
Kepler-1625 b,0.541,1213.00
Kepler-1626 b,0.180,1718.00
Kepler-1627 b,0.329,311.00
Kepler-1628 b,0.574,352.00
Kepler-1629 b,0.069,390.00
Kepler-163 b,0.094,703.69
Kepler-163 c,0.202,703.69
Kepler-1630 b,0.195,278.00
Kepler-1631 b,0.120,1190.00
Kepler-1632 b,0.220,584.00
Kepler-1633 b,0.141,811.00
Kepler-1634 b,0.285,654.00
Kepler-1635 b,0.325,1084.00
Kepler-1636 b,0.288,1567.00
Kepler-1637 b,0.079,506.00
Kepler-1638 b,0.167,879.00
Kepler-1639 b,0.230,1168.00
Kepler-164 b,0.126,914.18
Kepler-164 c,0.244,914.18
Kepler-164 d,0.219,914.18
Kepler-1640 b,0.430,1379.00
Kepler-1641 b,0.277,961.00
Kepler-1641 c,0.263,961.00
Kepler-1642 b,0.285,447.00
Kepler-1642 c,0.237,447.00
Kepler-1643 b,0.205,414.00
Kepler-1644 b,0.168,592.00
Kepler-1645 b,0.159,844.00
Kepler-1646 b,0.110,81.00
Kepler-1647 b,1.059,1256.00
Kepler-1649 b,0.096,92.43
Kepler-165 b,0.207,570.07
Kepler-165 c,0.199,570.07
Kepler-1650 b,0.086,120.50
Kepler-1651 b,0.164,69.40
Kepler-1652 b,0.143,252.00
Kepler-1653 b,0.194,755.00
Kepler-1654 b,0.819,577.60
Kepler-1655 b,0.197,214.58
Kepler-1656 b,0.448,186.88
Kepler-1658 b,1.070,806.07
Kepler-166 b,0.203,614.16
Kepler-166 c,0.212,614.16
Kepler-166 d,0.154,614.16
Kepler-167 b,0.144,330.00
Kepler-167 c,0.138,330.00
Kepler-167 d,0.107,330.00
Kepler-167 e,0.906,330.00
Kepler-168 b,0.130,1396.00
Kepler-168 c,0.240,1396.00
Kepler-169 b,0.101,411.34
Kepler-169 c,0.108,411.34
Kepler-169 d,0.112,411.34
Kepler-169 e,0.196,411.34
Kepler-169 f,0.230,411.34
Kepler-17 b,1.310,800.00
Kepler-170 b,0.285,754.64
Kepler-170 c,0.255,754.64
Kepler-171 b,0.209,885.43
Kepler-171 c,0.228,885.43
Kepler-171 d,0.169,885.43
Kepler-172 b,0.210,848.56
Kepler-172 c,0.255,848.56
Kepler-172 d,0.201,848.56
Kepler-172 e,0.246,848.56
Kepler-173 b,0.115,853.39
Kepler-173 c,0.217,853.39
Kepler-174 b,0.175,389.07
Kepler-174 c,0.133,389.07
Kepler-174 d,0.195,389.07
Kepler-175 b,0.228,1363.39
Kepler-175 c,0.277,1363.39
Kepler-176 b,0.128,535.40
Kepler-176 c,0.232,535.40
Kepler-176 d,0.224,535.40
Kepler-176 e,0.129,535.40
Kepler-177 b,0.259,1497.42
Kepler-177 c,0.633,1497.42
Kepler-178 b,0.259,731.04
Kepler-178 c,0.257,731.04
Kepler-178 d,0.352,731.04
Kepler-179 b,0.146,616.39
Kepler-179 c,0.178,616.39
Kepler-18 b,0.178,438.51
Kepler-18 c,0.490,438.51
Kepler-18 d,0.623,438.51
Kepler-180 b,0.134,709.83
Kepler-180 c,0.269,709.83
Kepler-181 b,0.113,620.09
Kepler-181 c,0.178,620.09
Kepler-182 b,0.230,1621.79
Kepler-182 c,0.306,1621.79
Kepler-183 b,0.184,1082.60
Kepler-183 c,0.203,1082.60
Kepler-184 b,0.211,621.24
Kepler-184 c,0.176,621.24
Kepler-184 d,0.222,621.24
Kepler-185 b,0.104,473.07
Kepler-185 c,0.180,473.07
Kepler-186 b,0.095,172.00
Kepler-186 c,0.112,172.00
Kepler-186 d,0.125,172.00
Kepler-186 e,0.113,172.00
Kepler-186 f,0.104,172.00
Kepler-187 b,0.126,1180.86
Kepler-187 c,0.238,1180.86
Kepler-188 b,0.150,996.09
Kepler-188 c,0.285,996.09
Kepler-189 b,0.108,601.75
Kepler-189 c,0.212,601.75
Kepler-19 b,,219.95
Kepler-19 c,,219.95
Kepler-19 d,,219.95
Kepler-190 b,0.139,438.88
Kepler-190 c,0.130,438.88
Kepler-191 b,0.120,604.75
Kepler-191 c,0.166,604.75
Kepler-191 d,0.203,604.75
Kepler-192 b,0.244,664.14
Kepler-192 c,0.249,664.14
Kepler-192 d,0.091,664.14
Kepler-193 b,0.213,1038.87
Kepler-193 c,0.245,1038.87
Kepler-194 b,0.135,1133.48
Kepler-194 c,0.231,1133.48
Kepler-194 d,0.214,1133.48
Kepler-195 b,0.181,664.47
Kepler-195 c,0.138,664.47
Kepler-196 b,0.170,457.26
Kepler-196 c,0.200,457.26
Kepler-197 b,0.091,333.75
Kepler-197 c,0.110,333.75
Kepler-197 d,0.109,333.75
Kepler-197 e,0.081,333.75
Kepler-198 b,0.252,502.52
Kepler-198 c,0.220,502.52
Kepler-198 d,0.136,502.52
Kepler-199 b,0.277,528.99
Kepler-199 c,0.290,528.99
Kepler-20 b,0.167,284.88
Kepler-20 c,0.272,284.88
Kepler-20 d,0.245,284.88
Kepler-20 e,0.077,284.88
Kepler-20 f,0.089,284.88
Kepler-20 g,,284.88
Kepler-200 b,0.190,678.93
Kepler-200 c,0.142,678.93
Kepler-201 b,0.219,648.18
Kepler-201 c,0.254,648.18
Kepler-202 b,0.145,287.48
Kepler-202 c,0.165,287.48
Kepler-203 b,0.229,717.73
Kepler-203 c,0.220,717.73
Kepler-203 d,0.128,717.73
Kepler-204 b,0.226,700.59
Kepler-204 c,0.160,700.59
Kepler-205 b,0.135,160.46
Kepler-205 c,0.146,160.46
Kepler-206 b,0.107,604.81
Kepler-206 c,0.158,604.81
Kepler-206 d,0.106,604.81
Kepler-207 b,0.140,898.20
Kepler-207 c,0.134,898.20
Kepler-207 d,0.295,898.20
Kepler-208 b,0.145,793.01
Kepler-208 c,0.124,793.01
Kepler-208 d,0.107,793.01
Kepler-208 e,0.132,793.01
Kepler-209 b,0.202,586.68
Kepler-209 c,0.277,586.68
Kepler-21 b,0.146,108.86
Kepler-210 b,0.262,234.33
Kepler-210 c,0.323,234.33
Kepler-211 b,0.112,312.14
Kepler-211 c,0.115,312.14
Kepler-212 b,0.097,701.04
Kepler-212 c,0.244,701.04
Kepler-213 b,0.145,646.74
Kepler-213 c,0.209,646.74
Kepler-214 b,0.233,1252.07
Kepler-214 c,0.190,1252.07
Kepler-215 b,0.145,492.90
Kepler-215 c,0.158,492.90
Kepler-215 d,0.213,492.90
Kepler-215 e,0.156,492.90
Kepler-216 b,0.210,1229.44
Kepler-216 c,0.271,1229.44
Kepler-217 b,0.199,1140.95
Kepler-217 c,0.165,1140.95
Kepler-217 d,0.118,1140.95
Kepler-218 b,0.132,669.02
Kepler-218 c,0.280,669.02
Kepler-218 d,0.237,669.02
Kepler-219 b,0.263,805.30
Kepler-219 c,0.319,805.30
Kepler-219 d,0.251,805.30
Kepler-22 b,0.212,190.00
Kepler-220 b,0.072,171.96
Kepler-220 c,0.140,171.96
Kepler-220 d,0.087,171.96
Kepler-220 e,0.119,171.96
Kepler-221 b,0.153,389.55
Kepler-221 c,0.261,389.55
Kepler-221 d,0.244,389.55
Kepler-221 e,0.235,389.55
Kepler-222 b,0.282,775.61
Kepler-222 c,0.414,775.61
Kepler-222 d,0.329,775.61
Kepler-223 b,0.267,1960.49
Kepler-223 c,0.307,1960.49
Kepler-223 d,0.467,1960.49
Kepler-223 e,0.410,1960.49
Kepler-224 b,0.124,799.75
Kepler-224 c,0.278,799.75
Kepler-224 d,0.205,799.75
Kepler-224 e,0.176,799.75
Kepler-225 b,0.107,569.99
Kepler-225 c,0.164,569.99
Kepler-226 b,0.138,1008.14
Kepler-226 c,0.203,1008.14
Kepler-226 d,0.109,1008.14
Kepler-227 b,0.277,1117.50
Kepler-227 c,0.271,1117.50
Kepler-228 b,0.136,1724.60
Kepler-228 c,0.241,1724.60
Kepler-228 d,0.360,1724.60
Kepler-229 b,0.196,845.88
Kepler-229 c,0.439,845.88
Kepler-229 d,0.343,845.88
Kepler-23 b,0.170,856.34
Kepler-23 c,0.285,856.34
Kepler-23 d,0.196,856.34
Kepler-230 b,0.380,756.73
Kepler-230 c,0.182,756.73
Kepler-231 b,0.154,319.49
Kepler-231 c,0.172,319.49
Kepler-232 b,0.275,1402.96
Kepler-232 c,0.342,1402.96
Kepler-233 b,0.217,877.73
Kepler-233 c,0.242,877.73
Kepler-234 b,0.330,1821.01
Kepler-234 c,0.313,1821.01
Kepler-235 b,0.199,433.24
Kepler-235 c,0.114,433.24
Kepler-235 d,0.183,433.24
Kepler-235 e,0.198,433.24
Kepler-236 b,0.140,291.17
Kepler-236 c,0.178,291.17
Kepler-237 b,0.126,670.41
Kepler-237 c,0.186,670.41
Kepler-238 b,0.154,1897.73
Kepler-238 c,0.213,1897.73
Kepler-238 d,0.274,1897.73
Kepler-238 e,0.500,1897.73
Kepler-238 f,0.178,1897.73
Kepler-239 b,0.208,660.07
Kepler-239 c,0.224,660.07
Kepler-24 b,0.214,1195.99
Kepler-24 c,0.250,1195.99
Kepler-24 d,0.149,1195.99
Kepler-24 e,0.248,1195.99
Kepler-240 b,0.122,762.74
Kepler-240 c,0.196,762.74
Kepler-241 b,0.208,609.86
Kepler-241 c,0.229,609.86
Kepler-242 b,0.233,610.60
Kepler-242 c,0.178,610.60
Kepler-243 b,0.219,707.94
Kepler-243 c,0.178,707.94
Kepler-244 b,0.246,1067.62
Kepler-244 c,0.183,1067.62
Kepler-244 d,0.206,1067.62
Kepler-245 b,0.229,882.65
Kepler-245 c,0.194,882.65
Kepler-245 d,0.270,882.65
Kepler-245 e,0.156,882.65
Kepler-246 b,0.209,637.44
Kepler-246 c,0.134,637.44
Kepler-247 b,0.146,676.38
Kepler-247 c,0.365,676.38
Kepler-247 d,0.352,676.38
Kepler-248 b,0.269,754.65
Kepler-248 c,0.363,754.65
Kepler-249 b,0.097,191.44
Kepler-249 c,0.135,191.44
Kepler-249 d,0.140,191.44
Kepler-25 b,0.245,244.96
Kepler-25 c,0.465,244.96
Kepler-25 d,,244.96
Kepler-250 b,0.101,777.31
Kepler-250 c,0.203,777.31
Kepler-250 d,0.194,777.31
Kepler-251 b,0.119,948.98
Kepler-251 c,0.247,948.98
Kepler-251 d,0.247,948.98
Kepler-251 e,0.247,948.98
Kepler-252 b,0.110,383.59
Kepler-252 c,0.192,383.59
Kepler-253 b,0.145,858.93
Kepler-253 c,0.236,858.93
Kepler-253 d,0.283,858.93
Kepler-254 b,0.345,1446.45
Kepler-254 c,0.192,1446.45
Kepler-254 d,0.223,1446.45
Kepler-255 b,0.138,1084.50
Kepler-255 c,0.267,1084.50
Kepler-255 d,0.118,1084.50
Kepler-256 b,0.142,1057.36
Kepler-256 c,0.192,1057.36
Kepler-256 d,0.221,1057.36
Kepler-256 e,0.210,1057.36
Kepler-257 b,0.233,797.75
Kepler-257 c,0.483,797.75
Kepler-257 d,0.442,797.75
Kepler-258 b,0.362,585.60
Kepler-258 c,0.322,585.60
Kepler-259 b,0.250,1031.58
Kepler-259 c,0.241,1031.58
Kepler-26 b,0.248,338.55
Kepler-26 c,0.243,338.55
Kepler-26 d,0.095,338.55
Kepler-26 e,0.215,338.55
Kepler-260 b,0.179,638.85
Kepler-260 c,0.155,638.85
Kepler-261 b,0.194,320.43
Kepler-261 c,0.178,320.43
Kepler-262 b,0.121,624.08
Kepler-262 c,0.146,624.08
Kepler-263 b,0.238,771.09
Kepler-263 c,0.220,771.09
Kepler-264 b,0.297,968.15
Kepler-264 c,0.252,968.15
Kepler-265 b,0.166,1328.21
Kepler-265 c,0.235,1328.21
Kepler-265 d,0.222,1328.21
Kepler-265 e,0.231,1328.21
Kepler-266 b,0.221,1425.27
Kepler-266 c,0.347,1425.27
Kepler-267 b,0.177,267.00
Kepler-267 c,0.190,267.00
Kepler-267 d,0.203,267.00
Kepler-268 b,0.227,873.21
Kepler-268 c,0.302,873.21
Kepler-269 b,0.220,2418.83
Kepler-269 c,0.151,2418.83
Kepler-27 b,0.357,1075.10
Kepler-27 c,0.437,1075.10
Kepler-270 b,0.179,975.46
Kepler-270 c,0.158,975.46
Kepler-271 b,0.110,418.00
Kepler-271 c,0.085,418.00
Kepler-271 d,0.059,418.00
Kepler-272 b,0.128,912.85
Kepler-272 c,0.160,912.85
Kepler-272 d,0.201,912.85
Kepler-273 b,0.134,728.85
Kepler-273 c,0.177,728.85
Kepler-274 b,0.137,1385.51
Kepler-274 c,0.164,1385.51
Kepler-275 b,0.209,2155.20
Kepler-275 c,0.302,2155.20
Kepler-275 d,0.297,2155.20
Kepler-276 b,0.256,1181.73
Kepler-276 c,0.259,1181.73
Kepler-276 d,0.250,1181.73
Kepler-277 b,0.261,1004.88
Kepler-277 c,0.300,1004.88
Kepler-278 b,0.363,448.65
Kepler-278 c,0.320,448.65
Kepler-279 b,0.323,1069.20
Kepler-279 c,0.384,1069.20
Kepler-279 d,0.277,1069.20
Kepler-28 b,0.321,443.92
Kepler-28 c,0.303,443.92
Kepler-280 b,0.129,798.21
Kepler-280 c,0.179,798.21
Kepler-281 b,0.252,1835.00
Kepler-281 c,0.474,1835.00
Kepler-282 b,0.090,1390.97
Kepler-282 c,0.107,1390.97
Kepler-282 d,0.219,1390.97
Kepler-282 e,0.277,1390.97
Kepler-283 b,0.190,474.33
Kepler-283 c,0.162,474.33
Kepler-284 b,0.200,1062.79
Kepler-284 c,0.233,1062.79
Kepler-285 b,0.120,844.17
Kepler-285 c,0.100,844.17
Kepler-286 b,0.111,1266.68
Kepler-286 c,0.122,1266.68
Kepler-286 d,0.119,1266.68
Kepler-286 e,0.158,1266.68
Kepler-287 b,0.208,856.33
Kepler-287 c,0.291,856.33
Kepler-288 b,0.149,1236.21
Kepler-288 c,0.254,1236.21
Kepler-288 d,0.238,1236.21
Kepler-289 b,0.192,700.00
Kepler-289 c,1.034,700.00
Kepler-289 d,0.239,700.00
Kepler-29 b,0.299,851.90
Kepler-29 c,0.280,851.90
Kepler-290 b,0.201,708.55
Kepler-290 c,0.241,708.55
Kepler-291 b,0.193,1884.37
Kepler-291 c,0.168,1884.37
Kepler-292 b,0.118,1087.23
Kepler-292 c,0.131,1087.23
Kepler-292 d,0.199,1087.23
Kepler-292 e,0.238,1087.23
Kepler-292 f,0.210,1087.23
Kepler-293 b,0.274,1002.51
Kepler-293 c,0.342,1002.51
Kepler-294 b,0.158,1411.62
Kepler-294 c,0.242,1411.62
Kepler-295 b,0.109,1787.33
Kepler-295 c,0.104,1787.33
Kepler-295 d,0.121,1787.33
Kepler-296 b,0.144,226.00
Kepler-296 c,0.178,226.00
Kepler-296 d,0.186,226.00
Kepler-296 e,0.136,226.00
Kepler-296 f,0.161,226.00
Kepler-297 b,0.256,706.21
Kepler-297 c,0.583,706.21
Kepler-298 b,0.175,525.98
Kepler-298 c,0.172,525.98
Kepler-298 d,0.223,525.98
Kepler-299 b,0.118,1084.89
Kepler-299 c,0.236,1084.89
Kepler-299 d,0.166,1084.89
Kepler-299 e,0.167,1084.89
Kepler-30 b,0.348,938.33
Kepler-30 c,1.097,938.33
Kepler-30 d,0.785,938.33
Kepler-300 b,0.149,1134.23
Kepler-300 c,0.201,1134.23
Kepler-301 b,0.120,734.31
Kepler-301 c,0.120,734.31
Kepler-301 d,0.156,734.31
Kepler-302 b,0.362,1459.64
Kepler-302 c,1.111,1459.64
Kepler-303 b,0.079,211.01
Kepler-303 c,0.102,211.01
Kepler-304 b,0.255,440.12
Kepler-304 c,0.194,440.12
Kepler-304 d,0.245,440.12
Kepler-304 e,0.107,440.12
Kepler-305 b,0.321,889.64
Kepler-305 c,0.294,889.64
Kepler-305 d,0.242,889.64
Kepler-306 b,0.136,793.00
Kepler-306 c,0.210,793.00
Kepler-306 d,0.220,793.00
Kepler-306 e,0.203,793.00
Kepler-307 b,0.217,585.27
Kepler-307 c,0.196,585.27
Kepler-308 b,0.189,1384.30
Kepler-308 c,0.193,1384.30
Kepler-309 b,0.139,553.20
Kepler-309 c,0.224,553.20
Kepler-31 b,0.491,1747.58
Kepler-31 c,0.473,1747.58
Kepler-31 d,0.348,1747.58
Kepler-310 b,0.106,612.87
Kepler-310 c,0.302,612.87
Kepler-310 d,0.220,612.87
Kepler-311 b,0.152,796.53
Kepler-311 c,0.128,796.53
Kepler-312 b,0.115,816.22
Kepler-312 c,0.281,816.22
Kepler-313 b,0.226,1079.40
Kepler-313 c,0.229,1079.40
Kepler-314 b,0.074,270.97
Kepler-314 c,0.259,270.97
Kepler-315 b,0.336,1199.50
Kepler-315 c,0.370,1199.50
Kepler-316 b,0.095,389.22
Kepler-316 c,0.103,389.22
Kepler-317 b,0.186,965.85
Kepler-317 c,0.153,965.85
Kepler-318 b,0.420,496.14
Kepler-318 c,0.328,496.14
Kepler-319 b,0.145,510.83
Kepler-319 c,0.235,510.83
Kepler-319 d,0.204,510.83
Kepler-32 b,0.196,326.85
Kepler-32 c,0.178,326.85
Kepler-32 d,0.241,326.85
Kepler-32 e,0.134,326.85
Kepler-32 f,0.073,326.85
Kepler-320 b,0.102,846.74
Kepler-320 c,0.122,846.74
Kepler-321 b,0.158,388.83
Kepler-321 c,0.207,388.83
Kepler-322 b,0.090,405.16
Kepler-322 c,0.149,405.16
Kepler-323 b,0.128,460.80
Kepler-323 c,0.145,460.80
Kepler-324 b,0.102,508.94
Kepler-324 c,0.281,508.94
Kepler-325 b,0.260,843.12
Kepler-325 c,0.227,843.12
Kepler-325 d,0.249,843.12
Kepler-326 b,0.136,494.30
Kepler-326 c,0.125,494.30
Kepler-326 d,0.108,494.30
Kepler-327 b,0.099,243.68
Kepler-327 c,0.092,243.68
Kepler-327 d,0.154,243.68
Kepler-328 b,0.205,2354.42
Kepler-328 c,0.482,2354.42
Kepler-329 b,0.125,445.20
Kepler-329 c,0.172,445.20
Kepler-33 b,0.155,1252.84
Kepler-33 c,0.285,1252.84
Kepler-33 d,0.477,1252.84
Kepler-33 e,0.359,1252.84
Kepler-33 f,0.398,1252.84
Kepler-330 b,0.120,732.46
Kepler-330 c,0.174,732.46
Kepler-331 b,0.162,589.63
Kepler-331 c,0.164,589.63
Kepler-331 d,0.146,589.63
Kepler-332 b,0.104,347.65
Kepler-332 c,0.097,347.65
Kepler-332 d,0.105,347.65
Kepler-333 b,0.118,327.47
Kepler-333 c,0.099,327.47
Kepler-334 b,0.100,431.86
Kepler-334 c,0.128,431.86
Kepler-334 d,0.126,431.86
Kepler-335 b,0.302,1327.48
Kepler-335 c,0.274,1327.48
Kepler-336 b,0.091,2331.54
Kepler-336 c,0.187,2331.54
Kepler-336 d,0.211,2331.54
Kepler-337 b,0.137,691.41
Kepler-337 c,0.183,691.41
Kepler-338 b,0.218,561.69
Kepler-338 c,0.209,561.69
Kepler-338 d,0.268,561.69
Kepler-338 e,0.139,561.69
Kepler-339 b,0.127,627.67
Kepler-339 c,0.103,627.67
Kepler-339 d,0.104,627.67
Kepler-34 b,0.764,1499.00
Kepler-340 b,0.226,827.41
Kepler-340 c,0.301,827.41
Kepler-341 b,0.105,1079.46
Kepler-341 c,0.152,1079.46
Kepler-341 d,0.165,1079.46
Kepler-341 e,0.178,1079.46
Kepler-342 b,0.201,799.59
Kepler-342 c,0.175,799.59
Kepler-342 d,0.222,799.59
Kepler-342 e,0.079,799.59
Kepler-343 b,0.215,952.34
Kepler-343 c,0.180,952.34
Kepler-344 b,0.233,1032.08
Kepler-344 c,0.263,1032.08
Kepler-345 b,0.066,362.46
Kepler-345 c,0.107,362.46
Kepler-346 b,0.237,1012.42
Kepler-346 c,0.274,1012.42
Kepler-347 b,0.176,1349.45
Kepler-347 c,0.156,1349.45
Kepler-348 b,0.136,580.20
Kepler-348 c,0.119,580.20
Kepler-349 b,0.170,966.63
Kepler-349 c,0.175,966.63
Kepler-35 b,0.728,1645.00
Kepler-350 b,0.165,983.79
Kepler-350 c,0.277,983.79
Kepler-350 d,0.250,983.79
Kepler-351 b,0.273,1117.85
Kepler-351 c,0.285,1117.85
Kepler-351 d,0.243,1117.85
Kepler-352 b,0.077,254.59
Kepler-352 c,0.111,254.59
Kepler-353 b,0.079,388.92
Kepler-353 c,0.123,388.92
Kepler-354 b,0.164,562.96
Kepler-354 c,0.117,562.96
Kepler-354 d,0.111,562.96
Kepler-355 b,0.130,1493.70
Kepler-355 c,0.242,1493.70
Kepler-356 b,0.140,722.14
Kepler-356 c,0.161,722.14
Kepler-357 b,0.164,702.21
Kepler-357 c,0.238,702.21
Kepler-357 d,0.306,702.21
Kepler-358 b,0.243,1136.10
Kepler-358 c,0.254,1136.10
Kepler-359 b,0.315,1502.22
Kepler-359 c,0.384,1502.22
Kepler-359 d,0.358,1502.22
Kepler-36 b,0.133,470.00
Kepler-36 c,0.328,470.00
Kepler-360 b,0.147,898.61
Kepler-360 c,0.187,898.61
Kepler-361 b,0.129,955.76
Kepler-361 c,0.225,955.76
Kepler-362 b,0.079,1123.91
Kepler-362 c,0.129,1123.91
Kepler-363 b,0.103,779.76
Kepler-363 c,0.151,779.76
Kepler-363 d,0.183,779.76
Kepler-364 b,0.138,915.02
Kepler-364 c,0.192,915.02
Kepler-365 b,0.182,950.00
Kepler-365 c,0.146,950.00
Kepler-366 b,0.130,1959.31
Kepler-366 c,0.160,1959.31
Kepler-367 b,0.116,189.05
Kepler-367 c,0.107,189.05
Kepler-368 b,0.291,788.30
Kepler-368 c,0.346,788.30
Kepler-369 b,0.101,260.32
Kepler-369 c,0.126,260.32
Kepler-37 b,0.030,64.04
Kepler-37 c,0.067,64.04
Kepler-37 d,0.173,64.04
Kepler-37 e,,64.04
Kepler-370 b,0.142,1207.64
Kepler-370 c,0.170,1207.64
Kepler-371 b,0.169,832.54
Kepler-371 c,0.159,832.54
Kepler-372 b,0.121,1561.17
Kepler-372 c,0.186,1561.17
Kepler-372 d,0.151,1561.17
Kepler-373 b,0.121,1125.74
Kepler-373 c,0.111,1125.74
Kepler-374 b,0.092,1312.67
Kepler-374 c,0.098,1312.67
Kepler-374 d,0.117,1312.67
Kepler-375 b,0.129,1283.80
Kepler-375 c,0.236,1283.80
Kepler-376 b,0.095,948.06
Kepler-376 c,0.160,948.06
Kepler-377 b,0.124,843.65
Kepler-377 c,0.184,843.65
Kepler-378 b,0.067,152.77
Kepler-378 c,0.062,152.77
Kepler-379 b,0.148,747.00
Kepler-379 c,0.204,747.00
Kepler-38 b,0.384,1215.78
Kepler-380 b,0.106,833.12
Kepler-380 c,0.113,833.12
Kepler-381 b,0.088,269.39
Kepler-381 c,0.100,269.39
Kepler-382 b,0.118,960.89
Kepler-382 c,0.142,960.89
Kepler-383 b,0.118,470.00
Kepler-383 c,0.111,470.00
Kepler-384 b,0.100,919.44
Kepler-384 c,0.101,919.44
Kepler-385 b,0.244,1493.94
Kepler-385 c,0.271,1493.94
Kepler-386 b,0.124,904.74
Kepler-386 c,0.141,904.74
Kepler-387 b,0.092,819.95
Kepler-387 c,0.079,819.95
Kepler-388 b,0.072,611.32
Kepler-388 c,0.077,611.32
Kepler-389 b,0.135,835.65
Kepler-389 c,0.130,835.65
Kepler-39 b,1.240,1090.44
Kepler-390 b,0.073,440.79
Kepler-390 c,0.070,440.79
Kepler-391 b,0.285,891.53
Kepler-391 c,0.316,891.53
Kepler-392 b,0.089,695.06
Kepler-392 c,0.098,695.06
Kepler-393 b,0.115,904.28
Kepler-393 c,0.119,904.28
Kepler-394 b,0.143,1091.69
Kepler-394 c,0.148,1091.69
Kepler-395 b,0.092,426.34
Kepler-395 c,0.118,426.34
Kepler-396 b,0.312,225.19
Kepler-396 c,0.473,225.19
Kepler-397 b,0.219,969.00
Kepler-397 c,0.551,969.00
Kepler-398 b,0.083,178.27
Kepler-398 c,0.090,178.27
Kepler-398 d,0.079,178.27
Kepler-399 b,0.086,1362.18
Kepler-399 c,0.128,1362.18
Kepler-399 d,0.169,1362.18
Kepler-4 b,0.357,550.00
Kepler-40 b,1.170,2700.00
Kepler-400 b,0.147,709.00
Kepler-400 c,0.133,709.00
Kepler-401 b,0.153,993.14
Kepler-401 c,0.192,993.14
Kepler-401 d,0.203,993.14
Kepler-402 b,0.109,636.78
Kepler-402 c,0.139,636.78
Kepler-402 d,0.123,636.78
Kepler-402 e,0.130,636.78
Kepler-403 b,0.112,860.93
Kepler-403 c,0.156,860.93
Kepler-403 d,0.127,860.93
Kepler-404 b,0.113,831.86
Kepler-404 c,0.153,831.86
Kepler-405 b,0.186,1096.92
Kepler-405 c,0.416,1096.92
Kepler-406 b,0.128,367.86
Kepler-406 c,0.076,367.86
Kepler-407 b,0.095,341.69
Kepler-407 c,,341.69
Kepler-408 b,0.073,89.01
Kepler-409 b,0.106,68.31
Kepler-41 b,1.290,1128.11
Kepler-410 A b,0.253,132.00
Kepler-411 b,0.214,153.59
Kepler-411 c,0.394,153.59
Kepler-411 d,0.296,153.59
Kepler-411 e,,153.59
Kepler-412 b,1.341,1121.32
Kepler-413 b,0.388,868.34
Kepler-414 b,0.153,418.44
Kepler-414 c,0.269,418.44
Kepler-415 b,0.108,538.39
Kepler-415 c,,538.39
Kepler-416 b,0.221,704.76
Kepler-416 c,,704.76
Kepler-417 b,0.206,999.47
Kepler-417 c,,999.47
Kepler-418 b,1.200,1031.92
Kepler-419 b,0.960,1041.31
Kepler-419 c,,1041.31
Kepler-42 b,0.070,38.70
Kepler-42 c,0.065,38.70
Kepler-42 d,0.051,38.70
Kepler-421 b,0.371,320.00
Kepler-422 b,1.150,738.20
Kepler-423 b,1.192,725.00
Kepler-424 b,0.890,712.87
Kepler-424 c,,712.87
Kepler-425 b,0.978,650.00
Kepler-426 b,1.090,880.00
Kepler-427 b,1.230,1100.00
Kepler-428 b,1.080,720.00
Kepler-43 b,1.219,1035.90
Kepler-430 b,0.290,942.26
Kepler-430 c,0.160,942.26
Kepler-431 b,0.068,493.44
Kepler-431 c,0.060,493.44
Kepler-431 d,0.100,493.44
Kepler-432 b,1.145,870.00
Kepler-432 c,,870.00
Kepler-433 b,1.450,1870.00
Kepler-434 b,1.130,1240.00
Kepler-435 b,1.990,2070.00
Kepler-436 b,0.240,618.00
Kepler-436 c,0.208,618.00
Kepler-437 b,0.190,417.00
Kepler-438 b,0.100,145.00
Kepler-439 b,0.200,693.00
Kepler-44 b,1.090,1229.15
Kepler-440 b,0.170,261.00
Kepler-441 b,0.150,284.00
Kepler-442 b,0.120,342.00
Kepler-443 b,0.210,779.00
Kepler-444 b,0.036,36.48
Kepler-444 c,0.044,36.48
Kepler-444 d,0.047,36.48
Kepler-444 e,0.049,36.48
Kepler-444 f,0.066,36.48
Kepler-445 b,0.140,90.00
Kepler-445 c,0.220,90.00
Kepler-445 d,0.110,90.00
Kepler-446 b,0.130,120.00
Kepler-446 c,0.100,120.00
Kepler-446 d,0.120,120.00
Kepler-447 b,1.650,270.12
Kepler-449 b,0.183,279.00
Kepler-449 c,0.247,279.00
Kepler-45 b,0.960,333.00
Kepler-450 b,0.548,462.00
Kepler-450 c,0.234,462.00
Kepler-450 d,0.075,462.00
Kepler-452 b,0.145,560.62
Kepler-453 b,0.553,448.58
Kepler-454 b,0.210,232.41
Kepler-454 c,,232.41
Kepler-458 c,0.375,1670.88
Kepler-46 b,0.808,794.54
Kepler-46 c,,794.54
Kepler-46 d,0.146,794.54
Kepler-460 c,0.492,1322.48
Kepler-461 b,0.230,468.00
Kepler-462 b,0.336,733.00
Kepler-463 b,0.272,336.00
Kepler-464 b,0.294,653.00
Kepler-465 b,0.263,587.00
Kepler-466 b,0.254,436.00
Kepler-466 c,0.112,436.00
Kepler-467 b,0.201,458.00
Kepler-468 b,1.190,474.00
Kepler-47 b,0.272,1055.33
Kepler-47 c,0.415,1055.33
Kepler-47 d,0.628,1055.33
Kepler-470 b,1.288,989.00
Kepler-471 b,1.335,1373.00
Kepler-472 b,0.287,302.00
Kepler-473 b,0.364,641.00
Kepler-474 b,0.273,568.00
Kepler-475 b,0.222,280.00
Kepler-476 b,0.275,687.00
Kepler-477 b,0.185,367.00
Kepler-478 b,0.242,420.00
Kepler-479 b,0.189,371.00
Kepler-48 b,0.168,309.47
Kepler-48 c,0.242,309.47
Kepler-48 d,0.182,309.47
Kepler-48 e,,309.47
Kepler-480 b,0.248,806.00
Kepler-481 b,0.223,713.00
Kepler-482 b,0.211,290.00
Kepler-483 b,0.286,953.00
Kepler-484 b,0.203,377.00
Kepler-485 b,1.286,1173.00
Kepler-486 b,0.981,428.00
Kepler-487 b,1.019,835.00
Kepler-487 c,0.239,835.00
Kepler-488 b,1.409,1157.00
Kepler-489 b,0.689,379.00
Kepler-49 b,0.243,314.02
Kepler-49 c,0.227,314.02
Kepler-49 d,0.143,314.02
Kepler-49 e,0.139,314.02
Kepler-490 b,1.039,1249.00
Kepler-491 b,0.796,657.00
Kepler-492 b,0.856,642.00
Kepler-493 b,1.350,1942.00
Kepler-494 b,0.637,862.00
Kepler-495 b,0.467,630.00
Kepler-496 b,0.207,655.00
Kepler-497 b,0.539,1070.00
Kepler-498 b,0.270,746.00
Kepler-499 b,0.194,523.00
Kepler-5 b,1.426,923.41
Kepler-50 b,0.153,251.91
Kepler-50 c,0.194,251.91
Kepler-500 b,0.230,747.00
Kepler-501 b,0.384,1044.00
Kepler-502 b,0.426,1433.00
Kepler-504 b,0.142,75.00
Kepler-505 b,0.232,222.00
Kepler-506 b,0.244,231.00
Kepler-507 b,0.116,410.00
Kepler-508 b,0.146,325.00
Kepler-509 b,0.222,339.00
Kepler-51 b,0.633,801.76
Kepler-51 c,0.803,801.76
Kepler-51 d,0.865,801.76
Kepler-510 b,0.220,378.00
Kepler-511 b,0.567,448.00
Kepler-512 b,0.240,531.00
Kepler-513 b,0.196,467.00
Kepler-514 b,0.153,489.00
Kepler-515 b,0.130,255.00
Kepler-516 b,0.512,777.00
Kepler-517 b,0.238,284.00
Kepler-518 b,0.188,324.00
Kepler-519 b,0.187,234.00
Kepler-52 b,0.187,324.54
Kepler-52 c,0.164,324.54
Kepler-52 d,0.174,324.54
Kepler-520 b,0.148,492.00
Kepler-520 c,0.095,492.00
Kepler-521 b,0.284,737.00
Kepler-522 b,0.616,749.00
Kepler-523 b,0.175,270.00
Kepler-524 b,0.170,730.00
Kepler-524 c,0.086,730.00
Kepler-525 b,0.235,566.00
Kepler-526 b,0.178,504.00
Kepler-527 b,0.253,901.00
Kepler-528 b,0.186,711.00
Kepler-529 b,0.166,787.00
Kepler-529 c,0.178,787.00
Kepler-53 b,0.258,1420.10
Kepler-53 c,0.283,1420.10
Kepler-53 d,0.189,1420.10
Kepler-530 b,0.269,464.00
Kepler-531 b,0.248,254.00
Kepler-532 b,0.229,325.00
Kepler-533 b,0.302,305.00
Kepler-534 b,0.200,473.00
Kepler-535 b,0.211,678.00
Kepler-536 b,0.277,446.00
Kepler-537 b,0.126,465.00
Kepler-538 b,0.198,156.66
Kepler-539 b,0.747,310.01
Kepler-539 c,,310.01
Kepler-54 b,0.187,273.80
Kepler-54 c,0.110,273.80
Kepler-54 d,0.136,273.80
Kepler-540 b,0.242,350.00
Kepler-541 b,0.300,1020.00
Kepler-542 b,0.140,439.00
Kepler-543 b,0.223,212.00
Kepler-544 b,0.189,797.00
Kepler-545 b,0.240,831.00
Kepler-546 b,0.624,896.00
Kepler-547 b,0.357,361.00
Kepler-548 b,1.070,776.00
Kepler-549 b,0.229,648.00
Kepler-549 c,0.261,648.00
Kepler-55 b,0.217,588.47
Kepler-55 c,0.197,588.47
Kepler-55 d,0.142,588.47
Kepler-55 e,0.138,588.47
Kepler-55 f,0.142,588.47
Kepler-550 b,0.394,563.00
Kepler-551 b,0.244,312.00
Kepler-552 b,0.352,834.00
Kepler-553 b,0.413,725.00
Kepler-553 c,0.999,725.00
Kepler-554 b,0.383,642.00
Kepler-555 b,0.252,772.00
Kepler-556 b,0.200,729.00
Kepler-557 b,0.238,1126.00
Kepler-558 b,0.211,652.00
Kepler-559 b,0.322,793.00
Kepler-56 b,0.581,936.96
Kepler-56 c,0.874,936.96
Kepler-56 d,,936.96
Kepler-560 b,0.153,88.00
Kepler-561 b,0.621,667.00
Kepler-561 c,0.239,667.00
Kepler-562 b,0.465,822.00
Kepler-563 b,0.276,557.00
Kepler-564 b,0.413,830.00
Kepler-565 b,0.325,1041.00
Kepler-566 b,0.192,628.00
Kepler-567 b,0.201,568.00
Kepler-568 b,0.202,126.00
Kepler-569 b,0.282,645.00
Kepler-57 b,0.195,656.23
Kepler-57 c,0.138,656.23
Kepler-570 b,0.219,642.00
Kepler-571 b,0.236,756.00
Kepler-572 b,0.230,532.00
Kepler-573 b,0.249,758.00
Kepler-574 b,0.213,747.00
Kepler-575 b,0.213,852.00
Kepler-576 b,0.292,698.00
Kepler-577 b,0.227,549.00
Kepler-578 b,0.178,568.00
Kepler-579 b,0.178,663.00
Kepler-58 b,0.248,996.32
Kepler-58 c,0.255,996.32
Kepler-58 d,0.262,996.32
Kepler-580 b,0.229,333.00
Kepler-581 b,0.235,833.00
Kepler-582 b,0.328,751.00
Kepler-583 b,0.203,805.00
Kepler-584 b,0.376,1445.00
Kepler-585 b,0.252,604.00
Kepler-586 b,0.249,707.00
Kepler-587 b,0.199,852.00
Kepler-588 b,0.235,972.00
Kepler-589 b,0.203,643.00
Kepler-59 b,0.098,1203.57
Kepler-59 c,0.177,1203.57
Kepler-590 b,0.359,986.00
Kepler-591 b,0.302,793.00
Kepler-592 b,0.213,1034.00
Kepler-593 b,0.256,1016.00
Kepler-594 b,0.194,742.00
Kepler-595 b,0.340,639.00
Kepler-596 b,0.309,1083.00
Kepler-597 b,0.211,660.00
Kepler-598 b,0.134,686.00
Kepler-599 b,0.253,627.00
Kepler-6 b,1.304,597.14
Kepler-60 b,0.153,1056.17
Kepler-60 c,0.170,1056.17
Kepler-60 d,0.178,1056.17
Kepler-600 b,0.259,624.00
Kepler-601 b,0.170,429.00
Kepler-602 b,0.186,971.00
Kepler-603 b,0.236,967.00
Kepler-603 c,0.580,967.00
Kepler-603 d,0.118,967.00
Kepler-604 b,0.231,981.00
Kepler-605 b,0.128,570.00
Kepler-605 c,0.077,570.00
Kepler-606 b,0.295,1208.00
Kepler-607 b,0.078,500.00
Kepler-608 b,0.325,926.00
Kepler-609 b,0.299,1143.00
Kepler-61 b,0.192,338.24
Kepler-610 b,0.374,1113.00
Kepler-610 c,0.294,1113.00
Kepler-611 b,0.147,906.00
Kepler-612 b,0.253,932.00
Kepler-613 b,0.204,864.00
Kepler-614 b,0.213,571.00
Kepler-615 b,0.155,330.00
Kepler-616 b,0.217,1019.00
Kepler-616 c,0.304,1019.00
Kepler-617 b,0.118,150.00
Kepler-618 b,0.232,1115.00
Kepler-619 b,0.282,1111.00
Kepler-619 c,0.151,1111.00
Kepler-62 b,0.117,368.00
Kepler-62 c,0.048,368.00
Kepler-62 d,0.174,368.00
Kepler-62 e,0.144,368.00
Kepler-62 f,0.126,368.00
Kepler-620 b,0.296,1241.00
Kepler-621 b,0.205,389.00
Kepler-622 b,0.190,259.00
Kepler-623 b,0.269,811.00
Kepler-624 b,0.206,731.00
Kepler-625 b,0.178,502.00
Kepler-625 c,0.094,502.00
Kepler-626 b,0.204,690.00
Kepler-627 b,0.333,1143.00
Kepler-628 b,0.749,579.00
Kepler-629 b,0.123,383.00
Kepler-63 b,0.545,200.00
Kepler-630 b,0.284,657.00
Kepler-631 b,0.259,843.00
Kepler-632 b,0.197,349.00
Kepler-633 b,0.145,634.00
Kepler-634 b,0.169,757.00
Kepler-635 b,0.236,826.00
Kepler-636 b,0.397,341.00
Kepler-637 b,0.424,1575.00
Kepler-638 b,0.163,426.00
Kepler-639 b,0.212,680.00
Kepler-640 b,0.228,538.00
Kepler-641 b,0.165,673.00
Kepler-642 b,0.259,1022.00
Kepler-643 b,0.906,1029.00
Kepler-644 b,0.281,1413.00
Kepler-645 b,0.187,901.00
Kepler-646 b,0.178,513.00
Kepler-647 b,0.104,789.00
Kepler-648 b,0.287,665.00
Kepler-649 b,0.202,525.00
Kepler-65 b,0.127,306.39
Kepler-65 c,0.230,306.39
Kepler-65 d,0.136,306.39
Kepler-65 e,,306.39
Kepler-650 b,0.264,805.00
Kepler-651 b,0.211,537.00
Kepler-652 b,0.222,423.00
Kepler-653 b,0.174,593.00
Kepler-653 c,0.070,593.00
Kepler-654 b,0.185,661.00
Kepler-655 b,0.242,783.00
Kepler-656 b,0.278,867.00
Kepler-657 b,0.314,1244.00
Kepler-658 b,0.145,341.00
Kepler-659 b,0.223,688.00
Kepler-66 b,0.250,1107.00
Kepler-660 b,0.229,564.00
Kepler-661 b,0.274,558.00
Kepler-662 b,0.194,641.00
Kepler-663 b,0.232,1030.00
Kepler-664 b,0.237,1386.00
Kepler-665 b,0.232,651.00
Kepler-666 b,0.214,1330.00
Kepler-667 b,0.422,907.00
Kepler-668 b,0.241,877.00
Kepler-669 b,0.431,1778.00
Kepler-67 b,0.262,1107.00
Kepler-670 b,1.176,980.00
Kepler-671 b,0.240,1139.00
Kepler-672 b,0.223,1011.00
Kepler-673 b,0.583,978.00
Kepler-674 b,0.151,302.00
Kepler-675 b,0.218,651.00
Kepler-676 b,0.271,243.00
Kepler-677 b,0.480,1180.00
Kepler-678 b,0.459,875.00
Kepler-679 b,0.269,968.00
Kepler-68 b,,144.77
Kepler-68 c,,144.77
Kepler-68 d,,144.77
Kepler-680 b,0.216,1342.00
Kepler-681 b,0.275,666.00
Kepler-682 b,0.658,951.00
Kepler-683 b,0.176,976.00
Kepler-684 b,0.300,1066.00
Kepler-685 b,0.944,1145.00
Kepler-686 b,1.084,1203.00
Kepler-687 b,0.314,628.00
Kepler-688 b,0.871,1247.00
Kepler-689 b,0.258,1044.00
Kepler-69 b,0.200,746.33
Kepler-69 c,0.153,746.33
Kepler-690 b,0.531,1653.00
Kepler-691 b,0.186,239.00
Kepler-692 b,0.277,1000.00
Kepler-693 b,0.908,1002.00
Kepler-694 b,0.250,1023.00
Kepler-695 b,0.822,620.00
Kepler-696 b,0.548,1285.00
Kepler-697 b,0.368,1091.00
Kepler-698 b,0.328,1135.00
Kepler-699 b,1.259,888.00
Kepler-7 b,1.622,947.46
Kepler-700 b,0.534,1061.00
Kepler-701 b,0.253,755.00
Kepler-702 b,0.818,892.00
Kepler-703 b,0.732,1482.00
Kepler-704 b,0.233,1054.00
Kepler-705 b,0.188,251.00
Kepler-706 b,1.175,810.00
Kepler-707 b,0.119,626.00
Kepler-708 b,0.261,1241.00
Kepler-709 b,0.261,668.00
Kepler-710 b,0.168,919.00
Kepler-711 b,0.304,664.00
Kepler-712 b,0.304,944.00
Kepler-712 c,0.433,944.00
Kepler-713 b,0.221,1003.00
Kepler-714 b,0.863,1460.00
Kepler-715 b,0.335,1214.00
Kepler-716 b,0.259,675.00
Kepler-717 b,0.216,1126.00
Kepler-718 b,1.477,1520.00
Kepler-719 b,0.760,1427.00
Kepler-720 b,0.750,880.00
Kepler-721 b,0.236,848.00
Kepler-722 b,0.235,1375.00
Kepler-722 c,0.252,1375.00
Kepler-723 b,1.088,965.00
Kepler-724 b,0.294,862.00
Kepler-725 b,0.948,778.00
Kepler-726 b,0.291,838.00
Kepler-727 b,0.226,892.00
Kepler-728 b,0.298,1236.00
Kepler-729 b,0.319,1271.00
Kepler-730 b,1.100,2020.20
Kepler-730 c,0.140,2020.20
Kepler-731 b,1.238,1311.00
Kepler-732 b,0.194,150.00
Kepler-732 c,0.113,150.00
Kepler-733 b,0.252,980.00
Kepler-734 b,0.318,553.00
Kepler-735 b,0.263,790.00
Kepler-736 b,0.261,1007.00
Kepler-737 b,0.175,195.00
Kepler-738 b,0.223,992.00
Kepler-739 b,0.296,1128.00
Kepler-74 b,0.960,1218.33
Kepler-740 b,0.408,1262.00
Kepler-741 b,0.265,1530.00
Kepler-742 b,0.289,499.00
Kepler-743 b,0.108,258.00
Kepler-744 b,0.145,486.00
Kepler-745 b,0.193,1199.00
Kepler-746 b,0.099,450.00
Kepler-747 b,0.470,855.00
Kepler-748 b,0.225,1271.00
Kepler-749 b,0.277,753.00
Kepler-75 b,1.050,855.50
Kepler-750 b,0.274,1181.00
Kepler-750 c,0.145,1181.00
Kepler-751 b,0.219,748.00
Kepler-752 b,0.251,1075.00
Kepler-753 b,0.170,278.00
Kepler-754 b,0.179,1192.00
Kepler-755 b,0.157,368.00
Kepler-755 c,0.112,368.00
Kepler-756 b,0.100,852.00
Kepler-757 b,0.121,1016.00
Kepler-758 b,0.221,1353.00
Kepler-758 c,0.151,1353.00
Kepler-758 d,0.189,1353.00
Kepler-758 e,0.136,1353.00
Kepler-759 b,0.203,892.00
Kepler-76 b,1.360,842.87
Kepler-760 b,0.273,782.00
Kepler-760 c,0.132,782.00
Kepler-761 b,0.181,867.00
Kepler-762 b,1.131,1465.00
Kepler-763 b,0.109,902.00
Kepler-764 b,0.146,1013.00
Kepler-765 b,0.217,1000.00
Kepler-766 b,0.302,1614.00
Kepler-767 b,0.592,1185.00
Kepler-768 b,0.160,795.00
Kepler-769 b,0.261,1362.00
Kepler-769 c,0.160,1362.00
Kepler-77 b,0.960,570.00
Kepler-770 b,0.205,761.00
Kepler-770 c,0.107,761.00
Kepler-770 d,0.125,761.00
Kepler-771 b,0.162,1000.00
Kepler-772 b,0.162,689.00
Kepler-773 b,0.128,528.00
Kepler-774 b,0.283,1190.00
Kepler-775 b,0.106,400.00
Kepler-776 b,0.114,727.00
Kepler-777 b,0.131,383.00
Kepler-778 b,0.150,899.00
Kepler-779 b,0.082,224.00
Kepler-78 b,0.100,124.82
Kepler-780 b,0.079,520.00
Kepler-781 b,0.258,1036.00
Kepler-782 b,0.286,412.00
Kepler-783 b,0.070,544.00
Kepler-784 b,0.141,604.00
Kepler-785 b,1.162,666.00
Kepler-786 b,0.217,512.00
Kepler-787 b,0.114,468.00
Kepler-788 b,0.227,1649.00
Kepler-789 b,0.189,915.00
Kepler-79 b,0.310,1051.43
Kepler-79 c,0.332,1051.43
Kepler-79 d,0.639,1051.43
Kepler-79 e,0.311,1051.43
Kepler-790 b,0.194,727.00
Kepler-791 b,0.272,1447.00
Kepler-792 b,0.175,1205.00
Kepler-793 b,0.122,794.00
Kepler-794 b,0.188,763.00
Kepler-795 b,0.150,458.00
Kepler-796 b,0.116,377.00
Kepler-797 b,0.194,752.00
Kepler-798 b,0.213,1085.00
Kepler-799 b,0.614,1029.00
Kepler-8 b,1.416,1052.90
Kepler-80 b,0.238,357.00
Kepler-80 c,0.244,357.00
Kepler-80 d,0.136,357.00
Kepler-80 e,0.143,357.00
Kepler-80 f,0.108,357.00
Kepler-80 g,0.101,357.00
Kepler-800 b,0.254,1049.00
Kepler-801 b,0.178,419.00
Kepler-802 b,0.316,828.00
Kepler-803 b,0.338,615.00
Kepler-804 b,0.173,648.00
Kepler-804 c,0.102,648.00
Kepler-805 b,0.258,657.00
Kepler-806 b,0.102,260.00
Kepler-807 b,0.930,1312.00
Kepler-808 b,0.130,321.00
Kepler-809 b,0.269,933.00
Kepler-81 b,0.216,351.79
Kepler-81 c,0.211,351.79
Kepler-81 d,0.108,351.79
Kepler-810 b,0.172,1554.00
Kepler-811 b,0.241,847.00
Kepler-812 b,0.317,1482.00
Kepler-813 b,0.191,840.00
Kepler-814 b,0.189,1327.00
Kepler-815 b,0.367,1199.00
Kepler-816 b,0.914,1059.00
Kepler-817 b,0.806,1401.00
Kepler-818 b,0.456,967.00
Kepler-819 b,0.246,722.00
Kepler-82 b,0.363,927.97
Kepler-82 c,0.476,927.97
Kepler-82 d,0.158,927.97
Kepler-82 e,0.220,927.97
Kepler-82 f,,927.97
Kepler-820 b,0.543,989.00
Kepler-821 b,0.117,619.00
Kepler-822 b,0.158,956.00
Kepler-823 b,0.140,896.00
Kepler-824 b,0.167,1352.00
Kepler-825 b,0.136,820.00
Kepler-825 c,0.164,820.00
Kepler-826 b,0.112,649.00
Kepler-827 b,0.502,1352.00
Kepler-828 b,0.135,625.00
Kepler-829 b,0.188,954.00
Kepler-83 b,0.252,405.01
Kepler-83 c,0.211,405.01
Kepler-83 d,0.173,405.01
Kepler-830 b,0.152,1122.00
Kepler-831 b,0.113,577.00
Kepler-832 b,0.184,1346.00
Kepler-833 b,0.180,421.00
Kepler-834 b,0.180,620.00
Kepler-835 b,0.249,2011.00
Kepler-836 b,0.244,1003.00
Kepler-837 b,0.228,846.00
Kepler-838 b,0.244,1210.00
Kepler-839 b,0.229,833.00
Kepler-84 b,0.199,1443.27
Kepler-84 c,0.211,1443.27
Kepler-84 d,0.123,1443.27
Kepler-84 e,0.232,1443.27
Kepler-84 f,0.196,1443.27
Kepler-840 b,1.523,778.00
Kepler-841 b,0.467,1052.00
Kepler-842 b,0.143,552.00
Kepler-843 b,0.231,1247.00
Kepler-844 b,0.150,394.00
Kepler-845 b,0.182,471.00
Kepler-846 b,0.221,1233.00
Kepler-847 b,0.105,529.00
Kepler-848 b,0.152,797.00
Kepler-849 b,0.637,747.00
Kepler-85 b,0.176,782.09
Kepler-85 c,0.194,782.09
Kepler-85 d,0.107,782.09
Kepler-85 e,0.113,782.09
Kepler-850 b,0.159,1535.00
Kepler-851 b,0.150,869.00
Kepler-852 b,0.227,854.00
Kepler-853 b,0.151,610.00
Kepler-854 b,1.492,741.00
Kepler-855 b,0.745,1043.00
Kepler-856 b,0.830,1175.00
Kepler-857 b,0.607,1039.00
Kepler-858 b,0.434,296.00
Kepler-859 b,0.276,915.00
Kepler-860 b,0.289,1295.00
Kepler-861 b,0.203,806.00
Kepler-862 b,0.197,806.00
Kepler-863 b,0.259,1145.00
Kepler-864 b,0.214,1573.00
Kepler-865 b,0.222,664.00
Kepler-866 b,0.145,690.00
Kepler-867 b,0.414,824.00
Kepler-868 b,0.183,1269.00
Kepler-869 b,0.322,957.00
Kepler-87 b,1.204,1277.88
Kepler-87 c,0.548,1277.88
Kepler-870 b,0.248,1231.00
Kepler-871 b,0.334,1695.00
Kepler-872 b,0.178,1114.00
Kepler-873 b,0.335,1397.00
Kepler-874 b,0.352,1072.00
Kepler-875 b,0.259,1244.00
Kepler-876 b,0.128,735.00
Kepler-877 b,0.189,572.00
Kepler-878 b,0.172,567.00
Kepler-879 b,0.229,772.00
Kepler-880 b,0.237,673.00
Kepler-881 b,0.159,1364.00
Kepler-882 b,0.110,525.00
Kepler-883 b,0.159,549.00
Kepler-884 b,0.110,420.00
Kepler-885 b,0.223,632.00
Kepler-886 b,0.136,857.00
Kepler-887 b,0.164,831.00
Kepler-887 c,0.101,831.00
Kepler-888 b,0.157,413.00
Kepler-889 b,0.097,513.00
Kepler-890 b,0.793,1387.00
Kepler-891 b,0.572,1372.00
Kepler-892 b,0.251,640.00
Kepler-893 b,0.270,1216.00
Kepler-894 b,0.248,1090.00
Kepler-895 b,0.137,516.00
Kepler-896 b,0.226,896.00
Kepler-897 b,0.213,1147.00
Kepler-898 b,0.133,479.00
Kepler-899 b,0.239,1038.00
Kepler-9 b,0.740,614.00
Kepler-9 c,0.721,614.00
Kepler-9 d,0.146,614.00
Kepler-90 i,0.118,780.00
Kepler-900 b,0.186,505.00
Kepler-901 b,0.122,241.00
Kepler-902 b,0.227,904.00
Kepler-903 b,0.179,829.00
Kepler-903 c,0.226,829.00
Kepler-904 b,0.158,1151.00
Kepler-905 b,0.126,521.00
Kepler-906 b,0.188,758.00
Kepler-907 b,0.107,352.00
Kepler-908 b,0.109,250.00
Kepler-909 b,0.131,318.00
Kepler-91 b,1.367,1344.56
Kepler-910 b,0.073,402.00
Kepler-911 b,0.232,567.00
Kepler-912 b,0.250,1265.00
Kepler-913 b,0.184,597.00
Kepler-914 b,0.123,678.00
Kepler-915 b,0.134,806.00
Kepler-916 b,0.157,769.00
Kepler-917 b,0.170,1027.00
Kepler-918 b,0.155,1245.00
Kepler-919 b,0.201,1219.00
Kepler-92 b,0.313,484.62
Kepler-92 c,0.232,484.62
Kepler-92 d,0.184,484.62
Kepler-920 b,0.216,926.00
Kepler-920 c,0.339,926.00
Kepler-921 b,0.256,847.00
Kepler-922 b,0.127,558.00
Kepler-923 b,0.123,966.00
Kepler-924 b,0.274,995.00
Kepler-925 b,0.209,623.00
Kepler-926 b,0.206,771.00
Kepler-927 b,0.153,879.00
Kepler-928 b,0.142,532.00
Kepler-929 b,0.099,820.00
Kepler-93 b,0.140,96.18
Kepler-93 c,,96.18
Kepler-930 b,0.190,905.00
Kepler-931 b,0.119,490.00
Kepler-932 b,0.122,478.00
Kepler-933 b,0.219,922.00
Kepler-934 b,0.186,603.00
Kepler-935 b,0.120,482.00
Kepler-936 b,0.129,687.00
Kepler-937 b,0.332,1482.00
Kepler-937 c,0.238,1482.00
Kepler-938 b,0.198,861.00
Kepler-939 b,0.156,1029.00
Kepler-94 b,0.313,192.97
Kepler-94 c,,192.97
Kepler-940 b,0.298,1317.00
Kepler-941 b,0.275,1105.00
Kepler-942 b,0.190,218.00
Kepler-943 b,0.529,1239.00
Kepler-944 b,0.235,1035.00
Kepler-945 b,0.235,1543.00
Kepler-946 b,0.172,918.00
Kepler-947 b,0.203,1188.00
Kepler-948 b,0.165,884.00
Kepler-949 b,0.260,572.00
Kepler-95 b,0.305,451.38
Kepler-950 b,0.801,1489.00
Kepler-951 b,0.499,408.00
Kepler-952 b,0.682,1167.00
Kepler-953 b,0.376,240.00
Kepler-953 c,0.106,240.00
Kepler-954 b,0.207,224.00
Kepler-955 b,0.279,637.00
Kepler-956 b,0.268,631.00
Kepler-957 b,0.491,749.00
Kepler-958 b,0.184,467.00
Kepler-959 b,0.391,1003.00
Kepler-96 b,0.238,123.32
Kepler-960 b,0.204,298.00
Kepler-961 b,0.227,607.00
Kepler-962 b,0.176,439.00
Kepler-963 b,0.237,786.00
Kepler-964 b,0.189,478.00
Kepler-965 b,0.302,618.00
Kepler-966 b,0.368,773.00
Kepler-967 b,0.210,499.00
Kepler-967 c,0.326,499.00
Kepler-968 b,0.178,312.00
Kepler-968 c,0.151,312.00
Kepler-969 b,0.185,411.00
Kepler-969 c,0.088,411.00
Kepler-97 b,0.132,405.58
Kepler-97 c,,405.58
Kepler-970 b,0.247,350.00
Kepler-971 b,0.190,345.00
Kepler-972 b,0.415,1304.00
Kepler-973 b,0.175,297.00
Kepler-974 b,0.140,121.00
Kepler-975 b,0.132,404.00
Kepler-976 b,0.353,1020.00
Kepler-977 b,0.234,664.00
Kepler-978 b,0.267,624.00
Kepler-979 b,0.243,606.00
Kepler-98 b,0.178,353.87
Kepler-980 b,0.238,804.00
Kepler-981 b,0.206,913.00
Kepler-982 b,0.201,702.00
Kepler-983 b,0.211,655.00
Kepler-984 b,0.189,461.00
Kepler-985 b,0.266,741.00
Kepler-986 b,0.211,563.00
Kepler-987 b,0.291,936.00
Kepler-988 b,0.185,248.00
Kepler-989 b,0.197,484.00
Kepler-99 b,0.132,209.63
Kepler-990 b,0.232,933.00
Kepler-990 c,0.136,933.00
Kepler-991 b,0.227,370.00
Kepler-992 b,0.145,268.00
Kepler-993 b,0.265,298.00
Kepler-994 b,0.143,170.00
Kepler-995 b,0.241,659.00
Kepler-996 b,0.177,1098.00
Kepler-997 b,0.121,470.00
Kepler-998 b,0.207,996.00
Kepler-999 b,0.209,568.00
L 98-59 b,0.071,10.62
L 98-59 c,0.120,10.62
L 98-59 d,0.140,10.62
LHS 1140 b,0.154,14.99
LHS 1140 c,0.114,14.99
LHS 3844 b,0.116,14.90
LSPM J2116+0234 b,,17.64
LTT 1445 A b,0.123,6.87
LkCa 15 b,,158.87
LkCa 15 c,,158.87
Lupus-TR-3 b,0.890,2000.00
MASCARA-1 b,1.500,188.70
MOA-2007-BLG-192L b,,1000.00
MOA-2007-BLG-400L b,,5800.00
MOA-2008-BLG-310L b,,7700.00
MOA-2008-BLG-379L b,,3300.00
MOA-2009-BLG-266L b,,3040.00
MOA-2009-BLG-319L b,,6100.00
MOA-2009-BLG-387L b,,5690.00
MOA-2010-BLG-073L b,,2800.00
MOA-2010-BLG-117L b,,3500.00
MOA-2010-BLG-328L b,,810.00
MOA-2010-BLG-353L b,,6430.00
MOA-2010-BLG-477L b,,2300.00
MOA-2011-BLG-028L b,,7380.00
MOA-2011-BLG-262L b,,7000.00
MOA-2011-BLG-291L b,,4400.00
MOA-2011-BLG-293L b,,7720.00
MOA-2011-BLG-322L b,,7560.00
MOA-2012-BLG-006L b,,5300.00
MOA-2012-BLG-505L b,,7210.00
MOA-2013-BLG-605L b,,
MOA-2015-BLG-337L b,,7100.00
MOA-2016-BLG-227L b,,6500.00
MOA-2016-BLG-319L b,,6800.00
MOA-bin-1L b,,5100.00
MXB 1658-298 b,,
NGC 2682 Sand 364 b,,837.03
NGC 2682 Sand 978 b,,842.01
NGC 2682 YBP 1194 b,,895.73
NGC 2682 YBP 1514 b,,939.38
NGC 2682 YBP 401 b,,851.36
NGTS-1 b,1.330,224.00
NGTS-2 b,1.595,360.30
NGTS-3 A b,1.480,1010.00
NGTS-4 b,0.284,282.60
NGTS-5 b,1.136,309.50
NGTS-6 b,1.326,311.03
NN Ser c,,500.00
NN Ser d,,500.00
NSVS 14256825 b,,838.31
NY Vir b,,551.99
OGLE-2003-BLG-235L b,,5800.00