11 Com b,2007,
11 UMi b,2009,
14 And b,2008,
14 Her b,2002,
16 Cyg B b,1996,
18 Del b,2008,
1RXS J160929.1-210524 b,2008,1700
24 Boo b,2018,
24 Sex b,2010,
24 Sex c,2010,
2MASS J01225093-2439505 b,2013,
2MASS J02192210-3925225 b,2015,
2MASS J04414489+2301513 b,2010,
2MASS J12073346-3932539 b,2004,1150
2MASS J19383260+4603591 b,2015,
2MASS J21402931+1625183 A b,2009,2075
2MASS J22362452+4751425 b,2016,
30 Ari B b,2009,
4 UMa b,2006,
42 Dra b,2008,
47 UMa b,1996,
47 UMa c,2001,
47 UMa d,2009,
51 Eri b,2015,
51 Peg b,1995,
55 Cnc b,1996,
55 Cnc c,2004,
55 Cnc d,2002,
55 Cnc e,2004,
55 Cnc f,2007,
6 Lyn b,2008,
61 Vir b,2009,
61 Vir c,2009,
61 Vir d,2009,
7 CMa b,2011,
70 Vir b,1996,
75 Cet b,2012,
8 UMi b,2015,
81 Cet b,2008,
91 Aqr b,2013,
AB Pic b,2005,
BD+03 2562 b,2017,
BD+14 4559 b,2009,
BD+15 2375 b,2016,
BD+15 2940 b,2013,
BD+20 2457 b,2009,
BD+20 2457 c,2009,
BD+20 274 b,2012,
BD+20 594 b,2016,
BD+48 738 b,2011,
BD+48 740 b,2018,
BD+49 828 b,2015,
BD-06 1339 b,2013,
BD-06 1339 c,2013,
BD-08 2823 b,2009,
BD-08 2823 c,2009,
BD-10 3166 b,2000,
BD-11 4672 b,2014,
BD-13 2130 b,2007,
BD-17 63 b,2008,
CFBDSIR J145829+101343 b,2011,370
CHXR 73 b,2006,
CI Tau b,2019,
CT Cha b,2007,2600
CoRoT-1 b,2008,1898
CoRoT-10 b,2010,600
CoRoT-11 b,2010,1657
CoRoT-12 b,2010,1442
CoRoT-13 b,2010,1700
CoRoT-14 b,2010,1952
CoRoT-16 b,2011,
CoRoT-17 b,2011,1626
CoRoT-18 b,2011,1550
CoRoT-19 b,2011,2000
CoRoT-2 b,2008,
CoRoT-20 b,2011,
CoRoT-20 c,2018,
CoRoT-21 b,2012,
CoRoT-22 b,2014,885
CoRoT-23 b,2011,1660
CoRoT-24 b,2014,1070
CoRoT-24 c,2014,850
CoRoT-25 b,2013,1330
CoRoT-26 b,2013,1600
CoRoT-27 b,2014,1500
CoRoT-28 b,2015,
CoRoT-29 b,2015,
CoRoT-3 b,2008,
CoRoT-4 b,2008,1074
CoRoT-5 b,2009,1438
CoRoT-6 b,2009,1017
CoRoT-7 b,2009,
CoRoT-7 c,2009,
CoRoT-8 b,2010,
CoRoT-9 b,2009,420
CoRoTID 223977153 b,2017,938
DE CVn b,2018,
DENIS-P J082303.1-491201 b,2013,
DH Tau b,2004,
DP Leo b,2009,
DS Tuc A b,2019,850
EPIC 201238110 b,2019,
EPIC 201497682 b,2019,
EPIC 201615463 c,2019,
EPIC 201754305 d,2019,
EPIC 201833600 c,2019,
EPIC 201841433 b,2019,
EPIC 205950854 c,2019,961
EPIC 206024342 b,2019,
EPIC 206032309 b,2019,
EPIC 206042996 b,2019,
EPIC 206215704 b,2019,
EPIC 206317286 b,2019,
EPIC 211822797 b,2016,
EPIC 211945201 b,2018,817
EPIC 212297394 b,2019,
EPIC 212424622 b,2019,
EPIC 212499991 b,2019,
EPIC 212587672 b,2019,
EPIC 212737443 b,2019,536
EPIC 212737443 c,2019,316
EPIC 220554210 c,2019,
EPIC 220674823 b,2016,2119
EPIC 220674823 c,2016,741
EPIC 246851721 b,2018,1401
EPIC 248847494 b,2018,183
FU Tau b,2008,2375
Fomalhaut b,2008,
GJ 1132 b,2015,529
GJ 1132 c,2018,300
GJ 1148 b,2010,
GJ 1148 c,2017,
GJ 1214 b,2009,
GJ 1265 b,2018,
GJ 143 b,2019,422
GJ 163 b,2013,
GJ 163 c,2013,
GJ 163 d,2013,
GJ 179 b,2009,
GJ 273 b,2017,
GJ 273 c,2017,
GJ 3021 b,2000,350
GJ 3138 b,2017,
GJ 3138 c,2017,
GJ 3138 d,2017,
GJ 317 b,2007,
GJ 317 c,2018,
GJ 328 b,2013,
GJ 3293 b,2015,
GJ 3293 c,2015,
GJ 3293 d,2017,
GJ 3293 e,2017,
GJ 3323 b,2017,
GJ 3323 c,2017,
GJ 3341 b,2015,
GJ 3470 b,2012,594
GJ 357 b,2019,525
GJ 357 c,2019,401
GJ 357 d,2019,220
GJ 3634 b,2010,
GJ 3779 b,2018,
GJ 3942 b,2017,590
GJ 3998 b,2016,
GJ 3998 c,2016,
GJ 411 b,2019,350
GJ 4276 b,2019,
GJ 433 b,2011,
GJ 436 b,2004,
GJ 504 b,2013,510
GJ 536 b,2016,
GJ 581 b,2005,
GJ 581 c,2007,
GJ 581 e,2009,
GJ 625 b,2017,
GJ 649 b,2009,
GJ 667 C b,2011,
GJ 667 C c,2011,
GJ 667 C e,2013,
GJ 667 C f,2013,
GJ 667 C g,2013,
GJ 674 b,2007,
GJ 676 A b,2010,
GJ 676 A c,2016,
GJ 676 A d,2012,
GJ 676 A e,2012,
GJ 685 b,2019,
GJ 687 b,2014,
GJ 832 b,2008,
GJ 832 c,2014,
GJ 849 b,2006,
GJ 86 b,1999,
GJ 876 b,1998,
GJ 876 c,2000,
GJ 876 d,2005,
GJ 876 e,2010,
GJ 96 b,2018,
GJ 9827 b,2017,
GJ 9827 c,2017,
GJ 9827 d,2017,
GQ Lup b,2004,2650
GSC 06214-00210 b,2010,2300
GU Psc b,2014,1050
Gl 378 b,2019,830
Gl 49 b,2019,
Gl 686 b,2018,
HAT-P-1 b,2006,1322
HAT-P-11 b,2008,
HAT-P-11 c,2018,
HAT-P-12 b,2009,963
HAT-P-13 b,2009,
HAT-P-13 c,2009,
HAT-P-14 b,2010,
HAT-P-15 b,2010,
HAT-P-16 b,2010,1626
HAT-P-17 b,2010,
HAT-P-17 c,2010,
HAT-P-18 b,2010,852
HAT-P-19 b,2010,1010
HAT-P-2 b,2007,
HAT-P-20 b,2010,970
HAT-P-21 b,2010,
HAT-P-22 b,2010,
HAT-P-23 b,2010,
HAT-P-24 b,2010,
HAT-P-25 b,2010,1182
HAT-P-26 b,2010,
HAT-P-27 b,2011,
HAT-P-28 b,2011,1384
HAT-P-29 b,2011,
HAT-P-3 b,2007,
HAT-P-30 b,2011,
HAT-P-31 b,2011,
HAT-P-32 b,2011,1836
HAT-P-33 b,2011,
HAT-P-34 b,2011,
HAT-P-35 b,2011,
HAT-P-36 b,2011,1781
HAT-P-37 b,2011,1271
HAT-P-38 b,2012,1082
HAT-P-39 b,2012,1752
HAT-P-4 b,2007,1686
HAT-P-40 b,2012,
HAT-P-41 b,2012,
HAT-P-42 b,2012,1428
HAT-P-43 b,2012,1361
HAT-P-44 b,2014,1108
HAT-P-44 c,2014,
HAT-P-45 b,2014,1652
HAT-P-46 b,2014,1458
HAT-P-49 b,2014,
HAT-P-5 b,2007,
HAT-P-50 b,2015,1862
HAT-P-51 b,2015,1192
HAT-P-52 b,2015,1218
HAT-P-53 b,2015,1778
HAT-P-54 b,2015,818
HAT-P-55 b,2015,1313
HAT-P-56 b,2015,
HAT-P-57 b,2015,
HAT-P-6 b,2007,
HAT-P-65 b,2016,1930
HAT-P-66 b,2016,1896
HAT-P-67 b,2017,1903
HAT-P-69 b,2019,1930
HAT-P-7 b,2008,
HAT-P-70 b,2019,2562
HAT-P-8 b,2008,
HAT-P-9 b,2008,1540
HATS-1 b,2012,1359
HATS-10 b,2015,1407
HATS-11 b,2016,1596
HATS-12 b,2016,1446
HATS-13 b,2015,1244
HATS-14 b,2015,1276
HATS-15 b,2016,1505
HATS-16 b,2016,1592
HATS-17 b,2016,814
HATS-18 b,2016,2069
HATS-2 b,2013,1577
HATS-22 b,2017,858
HATS-23 b,2017,1654
HATS-24 b,2017,2166
HATS-25 b,2016,1277
HATS-26 b,2016,1918
HATS-27 b,2016,1659
HATS-28 b,2016,1253
HATS-29 b,2016,1212
HATS-3 b,2013,1648
HATS-30 b,2016,1414
HATS-31 b,2016,1823
HATS-32 b,2016,1437
HATS-33 b,2016,1429
HATS-34 b,2016,1445
HATS-35 b,2016,2037
HATS-36 b,2018,1203
HATS-39 b,2018,1645
HATS-4 b,2014,1315
HATS-40 b,2018,2101
HATS-41 b,2018,1710
HATS-42 b,2018,1856
HATS-43 b,2018,1003
HATS-44 b,2018,1161
HATS-45 b,2018,1518
HATS-46 b,2018,1054
HATS-5 b,2014,1025
HATS-50 b,2017,
HATS-51 b,2017,1553
HATS-52 b,2017,1834
HATS-53 b,2017,1312
HATS-54 b,2019,1625
HATS-55 b,2019,1367
HATS-56 b,2019,1902
HATS-57 b,2019,1413
HATS-58 A b,2019,1721
HATS-59 b,2018,1128
HATS-59 c,2018,176
HATS-6 b,2015,713
HATS-60 b,2018,1528
HATS-61 b,2018,1226
HATS-62 b,2018,1237
HATS-63 b,2018,1398
HATS-64 b,2018,1793
HATS-65 b,2018,1634
HATS-66 b,2018,1998
HATS-67 b,2018,2193
HATS-68 b,2018,1741
HATS-69 b,2018,1296
HATS-7 b,2015,1084
HATS-70 b,2019,2730
HATS-8 b,2015,1324
HATS-9 b,2015,1746
HD 100546 b,2014,
HD 100655 b,2011,
HD 100777 b,2007,
HD 10180 c,2010,
HD 10180 d,2010,
HD 10180 e,2010,
HD 10180 f,2010,
HD 10180 g,2010,
HD 10180 h,2010,
HD 101930 b,2005,
HD 102117 b,2005,
HD 102195 b,2006,
HD 102272 b,2008,
HD 102329 b,2011,
HD 102329 c,2018,
HD 102365 b,2010,
HD 102843 b,2019,
HD 102956 b,2010,
HD 103197 b,2009,
HD 103720 b,2014,
HD 103774 b,2013,
HD 103949 b,2019,
HD 104067 b,2009,
HD 10442 b,2014,
HD 104985 b,2003,
HD 106252 b,2002,
HD 106270 b,2011,
HD 106315 b,2017,1153
HD 106315 c,2017,886
HD 10647 b,2006,
HD 106515 A b,2012,
HD 106906 b,2013,1800
HD 10697 b,1999,
HD 107148 b,2005,
HD 108147 b,2002,
HD 108341 b,2014,
HD 108863 b,2011,
HD 108874 b,2002,
HD 108874 c,2005,
HD 109246 b,2010,
HD 109271 b,2013,
HD 109271 c,2013,
HD 109749 b,2005,
HD 110014 b,2009,
HD 111232 b,2003,
HD 111591 b,2017,
HD 111998 b,2016,
HD 113337 b,2013,
HD 113538 b,2010,
HD 113538 c,2010,
HD 113996 b,2017,
HD 114386 b,2003,
HD 114613 b,2014,
HD 114729 b,2002,
HD 114762 b,1989,
HD 114783 b,2001,
HD 114783 c,2018,
HD 11506 b,2007,
HD 11506 c,2008,
HD 116029 b,2011,
HD 116029 c,2018,
HD 117207 b,2004,
HD 11755 b,2015,
HD 117618 b,2004,
HD 118203 b,2005,
HD 119130 b,2019,795
HD 11964 b,2005,
HD 11964 c,2008,
HD 11977 b,2005,
HD 120084 b,2013,
HD 121504 b,2003,
HD 12484 b,2016,
HD 125595 b,2009,
HD 125612 b,2007,
HD 125612 c,2009,
HD 125612 d,2009,
HD 12648 b,2015,
HD 126525 b,2018,
HD 12661 b,2000,
HD 12661 c,2002,
HD 126614 b,2009,
HD 128311 b,2002,
HD 128311 c,2005,
HD 128356 b,2016,
HD 129445 b,2009,
HD 130322 b,1999,
HD 131496 b,2011,
HD 131664 b,2008,
HD 13167 b,2018,
HD 13189 b,2005,
HD 132406 b,2007,
HD 132563 b,2011,
HD 133131 A b,2016,
HD 133131 A c,2016,
HD 133131 B b,2016,
HD 134060 b,2019,
HD 134060 c,2019,
HD 134987 b,1999,
HD 134987 c,2009,
HD 136352 b,2019,
HD 136352 c,2019,
HD 136352 d,2019,
HD 136418 b,2009,
HD 13724 b,2019,
HD 137388 b,2011,
HD 13908 b,2013,
HD 13908 c,2013,
HD 13931 b,2009,
HD 139357 b,2008,
HD 1397 b,2018,1228
HD 14067 b,2014,
HD 141399 b,2014,
HD 141399 c,2014,
HD 141399 d,2014,
HD 141399 e,2014,
HD 141937 b,2002,
HD 142 b,2001,
HD 142 c,2012,
HD 142022 A b,2005,
HD 142245 b,2011,
HD 142415 b,2003,
HD 143105 b,2016,
HD 143361 b,2008,
HD 145377 b,2008,
HD 145457 b,2010,
HD 145934 b,2015,
HD 1461 b,2010,
HD 1461 c,2015,
HD 147018 b,2009,
HD 147018 c,2009,
HD 147379 b,2017,
HD 147513 b,2003,
HD 14787 b,2018,
HD 147873 b,2016,
HD 147873 c,2016,
HD 148156 b,2009,
HD 148164 b,2018,
HD 148164 c,2018,
HD 148284 b,2018,
HD 148427 b,2009,
HD 149026 b,2005,
HD 149143 b,2005,
HD 1502 b,2011,
HD 150706 b,2012,
HD 152079 b,2009,
HD 152581 b,2011,
HD 15337 b,2019,1001
HD 15337 c,2019,642
HD 153950 b,2008,
HD 154345 b,2006,
HD 154672 b,2008,
HD 154857 b,2004,
HD 154857 c,2014,
HD 155233 b,2015,
HD 155358 b,2007,
HD 155358 c,2007,
HD 156279 b,2011,
HD 156279 c,2018,
HD 156411 b,2009,
HD 156668 b,2010,
HD 156846 b,2007,
HD 158038 b,2011,
HD 158996 b,2018,
HD 159243 b,2013,
HD 159243 c,2013,
HD 159868 b,2006,
HD 159868 c,2012,
HD 1605 b,2015,
HD 1605 c,2015,
HD 160691 b,2000,
HD 160691 c,2004,
HD 160691 d,2004,
HD 160691 e,2006,
HD 16141 b,2000,
HD 16175 b,2009,
HD 162020 b,2002,
HD 163607 b,2010,
HD 163607 c,2010,
HD 16417 b,2008,
HD 164509 b,2010,
HD 164595 b,2015,
HD 164604 b,2009,
HD 164922 b,2005,
HD 164922 c,2016,401
HD 165155 b,2016,
HD 1666 b,2015,
HD 166724 b,2012,
HD 167042 b,2007,
HD 168443 b,1998,
HD 168443 c,2000,
HD 168746 b,2002,
HD 1690 b,2010,
HD 169830 b,2000,
HD 169830 c,2003,
HD 170469 b,2007,
HD 17092 b,2007,
HD 171028 b,2007,
HD 171238 b,2009,
HD 17156 b,2007,
HD 173416 b,2008,
HD 175167 b,2009,
HD 175541 b,2007,
HD 175607 b,2015,
HD 17674 b,2017,
HD 176986 b,2017,
HD 176986 c,2017,
HD 177565 b,2017,
HD 177830 b,1999,
HD 177830 c,2010,
HD 178911 B b,2001,
HD 179079 b,2008,
HD 179949 b,2000,
HD 180053 b,2018,
HD 18015 b,2018,
HD 180314 b,2010,
HD 180617 b,2018,
HD 180902 b,2009,
HD 181234 b,2019,
HD 181342 b,2009,
HD 181433 b,2008,
HD 181433 c,2008,
HD 181433 d,2008,
HD 181720 b,2009,
HD 183263 b,2004,
HD 183263 c,2008,
HD 185269 b,2006,
HD 187085 b,2006,
HD 187123 b,1998,
HD 187123 c,2008,
HD 18742 b,2011,
HD 188015 b,2004,
HD 189733 b,2005,
HD 190360 b,2003,
HD 190360 c,2005,
HD 190647 b,2007,
HD 190984 b,2009,
HD 191806 b,2016,
HD 192263 b,1999,
HD 192310 b,2011,355
HD 192310 c,2011,185
HD 192699 b,2007,
HD 195019 b,1998,
HD 196050 b,2002,
HD 196067 b,2012,
HD 196885 b,2007,
HD 197037 b,2012,
HD 19994 b,2003,
HD 20003 b,2019,
HD 20003 c,2019,
HD 200964 b,2010,
HD 200964 c,2010,
HD 202206 c,2004,
HD 202696 b,2019,
HD 202696 c,2019,
HD 202772 A b,2019,2132
HD 203030 b,2006,1206
HD 203473 b,2018,
HD 2039 b,2002,
HD 204313 b,2010,
HD 204313 c,2015,
HD 204941 b,2011,
HD 205739 b,2008,
HD 206255 b,2019,
HD 206610 b,2009,
HD 20781 b,2019,
HD 20781 c,2019,
HD 20781 d,2019,
HD 20781 e,2019,
HD 20782 b,2006,
HD 207832 b,2012,
HD 207832 c,2012,
HD 20794 b,2011,660
HD 20794 c,2011,508
HD 20794 d,2011,388
HD 20794 e,2017,
HD 208487 b,2004,
HD 208527 b,2012,
HD 20868 b,2008,
HD 208897 b,2017,
HD 209458 b,1999,
HD 210193 b,2019,
HD 210277 b,1998,
HD 210702 b,2007,
HD 211810 b,2018,
HD 211970 b,2019,
HD 212301 b,2005,
HD 212771 b,2009,
HD 213240 b,2001,
HD 21411 b,2019,
HD 214823 b,2016,
HD 215152 b,2018,
HD 215152 c,2018,
HD 215152 d,2018,
HD 215152 e,2018,
HD 215497 b,2009,
HD 215497 c,2009,
HD 216435 b,2002,
HD 216437 b,2002,
HD 216536 b,2015,
HD 216770 b,2003,
HD 21693 b,2019,
HD 21693 c,2019,
HD 217107 b,1998,
HD 217107 c,2005,
HD 21749 c,2019,701
HD 217786 b,2011,
HD 217850 b,2018,
HD 218566 b,2010,
HD 219077 b,2012,
HD 219134 b,2015,1015
HD 219134 c,2015,782
HD 219134 d,2015,411
HD 219134 f,2015,523
HD 219134 g,2015,
HD 219134 h,2015,
HD 219415 b,2012,
HD 219666 b,2018,1073
HD 219828 b,2007,
HD 219828 c,2016,
HD 220074 b,2012,
HD 220689 b,2012,
HD 220773 b,2011,
HD 220842 b,2016,
HD 221287 b,2007,
HD 221416 b,2019,
HD 221420 b,2019,
HD 221585 b,2016,
HD 222076 b,2016,
HD 222155 b,2011,
HD 222582 b,1999,
HD 224538 b,2016,
HD 224693 b,2006,
HD 22781 b,2011,
HD 23079 b,2001,
HD 23127 b,2006,
HD 231701 b,2007,
HD 233604 b,2013,
HD 23472 b,2019,
HD 23472 c,2019,
HD 23596 b,2003,
HD 238914 b,2018,
HD 240210 b,2009,
HD 240237 b,2011,
HD 24040 b,2006,
HD 24064 b,2015,
HD 24085 b,2019,
HD 25015 b,2019,
HD 25171 b,2010,
HD 2638 b,2005,
HD 2685 b,2019,2061
HD 26965 b,2018,
HD 27442 b,2000,
HD 27631 b,2012,
HD 27894 b,2005,
HD 27894 c,2017,
HD 27894 d,2017,
HD 28185 b,2001,
HD 28254 b,2010,
HD 285507 b,2013,
HD 285968 b,2008,450
HD 28678 b,2011,
HD 29021 b,2017,
HD 290327 b,2009,
HD 2952 b,2013,
HD 30177 b,2002,
HD 30177 c,2016,
HD 30562 b,2009,
HD 30669 b,2014,
HD 30856 b,2011,
HD 31253 b,2010,
HD 31527 b,2019,
HD 31527 c,2019,
HD 31527 d,2019,
HD 3167 b,2016,1669
HD 3167 c,2016,531
HD 3167 d,2017,
HD 32518 b,2009,
HD 32963 b,2015,
HD 330075 b,2004,
HD 33142 b,2011,
HD 33142 c,2018,
HD 33283 b,2006,
HD 33564 b,2005,
HD 33844 b,2015,
HD 33844 c,2015,
HD 34445 b,2009,
HD 34445 c,2017,
HD 34445 d,2017,
HD 34445 e,2017,
HD 34445 f,2017,
HD 34445 g,2017,
HD 35759 b,2016,
HD 3651 b,2003,
HD 37124 b,2002,
HD 37124 c,2002,
HD 37124 d,2005,
HD 37605 b,2004,
HD 37605 c,2012,
HD 38283 b,2010,
HD 38529 b,2000,
HD 38529 c,2000,
HD 38801 b,2009,
HD 39091 b,2001,
HD 39855 b,2019,
HD 40307 b,2009,
HD 40307 c,2009,
HD 40307 d,2009,
HD 40307 f,2013,
HD 40307 g,2013,
HD 40956 b,2017,
HD 40979 b,2002,
HD 41004 A b,2004,
HD 41004 B b,2003,
HD 4113 b,2007,
HD 42012 b,2017,
HD 4203 b,2001,
HD 4203 c,2014,
HD 4208 b,2001,
HD 42618 b,2016,337
HD 4308 b,2005,
HD 4313 b,2009,
HD 43197 b,2010,
HD 43691 b,2007,
HD 44219 b,2010,
HD 45184 b,2019,
HD 45184 c,2019,
HD 45350 b,2004,
HD 45364 b,2008,
HD 45364 c,2008,
HD 45652 b,2008,
HD 46375 b,2000,
HD 47186 b,2008,
HD 47186 c,2008,
HD 4732 b,2012,
HD 4732 c,2012,
HD 47366 b,2016,
HD 47366 c,2016,
HD 47536 b,2002,
HD 48265 b,2008,
HD 4917 b,2018,
HD 49674 b,2002,
HD 50499 b,2005,
HD 50499 c,2019,
HD 50554 b,2002,
HD 51608 b,2019,
HD 51608 c,2019,
HD 52265 b,2000,
HD 5319 b,2007,
HD 5319 c,2014,
HD 55696 b,2018,
HD 5583 b,2016,
HD 5608 b,2012,
HD 564 b,2014,
HD 5891 b,2011,
HD 59686 A b,2016,
HD 60532 b,2008,
HD 60532 c,2008,
HD 62509 b,2006,
HD 63454 b,2005,
HD 63765 b,2009,
HD 64114 b,2019,
HD 6434 b,2003,
HD 65216 b,2003,
HD 65216 c,2013,
HD 66141 b,2012,
HD 66428 b,2005,
HD 67087 b,2015,
HD 67087 c,2015,
HD 6718 b,2009,
HD 68402 b,2016,
HD 68988 b,2001,
HD 69830 b,2006,
HD 69830 c,2006,
HD 69830 d,2006,
HD 70573 b,2007,
HD 70642 b,2003,
HD 7199 b,2011,
HD 72490 b,2018,
HD 72659 b,2002,
HD 72892 b,2016,
HD 73267 b,2008,
HD 73526 b,2002,
HD 73526 c,2005,
HD 73534 b,2008,
HD 74156 b,2003,
HD 74156 c,2003,
HD 7449 b,2011,
HD 75289 b,1999,
HD 75784 b,2014,
HD 75784 c,2018,
HD 75898 b,2007,
HD 76700 b,2002,
HD 76920 b,2017,
HD 77338 b,2012,
HD 7924 b,2008,
HD 7924 c,2015,584
HD 7924 d,2015,499
HD 79498 b,2011,
HD 80606 b,2001,
HD 81040 b,2005,
HD 81688 b,2007,
HD 82886 b,2011,
HD 82943 b,2003,
HD 82943 c,2003,
HD 8326 b,2019,
HD 83443 b,2002,
HD 8535 b,2010,
HD 85390 b,2009,
HD 85512 b,2011,
HD 8574 b,2002,
HD 86081 b,2006,
HD 86226 b,2009,
HD 86264 b,2009,
HD 8673 b,2009,
HD 86950 b,2016,
HD 87646 b,2016,
HD 87883 b,2009,
HD 88133 b,2004,
HD 89307 b,2009,
HD 89345 b,2018,1089
HD 89744 b,1999,
HD 90156 b,2009,
HD 9174 b,2016,
HD 92788 b,2000,
HD 92788 c,2019,
HD 92987 b,2019,
HD 93083 b,2005,
HD 9446 b,2009,
HD 9446 c,2009,
HD 94834 b,2018,
HD 95086 b,2013,1000
HD 95089 b,2009,
HD 95089 c,2018,
HD 95127 b,2015,
HD 95872 b,2015,
HD 96063 b,2011,
HD 96127 b,2011,
HD 96167 b,2009,
HD 97658 b,2010,
HD 98219 b,2011,
HD 98649 b,2012,
HD 98736 b,2018,
HD 99109 b,2005,
HD 99492 b,2004,
HD 99706 b,2011,
HD 99706 c,2018,
HIP 105854 b,2014,
HIP 107773 b,2015,
HIP 109384 b,2016,
HIP 109600 b,2016,
HIP 116454 b,2014,
HIP 12961 b,2010,
HIP 14810 b,2005,
HIP 14810 c,2006,
HIP 14810 d,2009,
HIP 35173 b,2019,
HIP 41378 b,2016,
HIP 41378 c,2016,
HIP 41378 d,2016,
HIP 41378 e,2016,
HIP 41378 f,2016,
HIP 5158 b,2009,
HIP 5158 c,2011,
HIP 54373 b,2019,
HIP 54373 c,2019,
HIP 57274 b,2011,
HIP 57274 c,2011,
HIP 57274 d,2011,
HIP 63242 b,2013,
HIP 65407 b,2016,
HIP 65407 c,2016,
HIP 65426 b,2017,1500
HIP 65891 b,2015,
HIP 67537 b,2017,
HIP 67851 b,2015,
HIP 67851 c,2015,
HIP 70849 b,2009,
HIP 71135 b,2019,
HIP 74890 b,2016,
HIP 78530 b,2010,2700
HIP 79098 AB b,2019,2450
HIP 79431 b,2009,
HIP 8541 b,2016,
HIP 91258 b,2013,
HIP 97233 b,2014,
HN Peg b,2006,
HR 2562 b,2016,1200
HR 5183 b,2019,171
HR 810 b,1999,
HR 858 b,2019,1572
HR 858 c,2019,1326
HR 858 d,2019,1075
HR 8799 b,2008,
HR 8799 c,2008,
HR 8799 d,2008,
HR 8799 e,2010,1150
IC 4651 9122 b,2018,
K2-10 b,2015,
K2-100 b,2016,1748
K2-101 b,2016,
K2-102 b,2016,
K2-104 b,2016,
K2-105 b,2017,814
K2-107 b,2017,1649
K2-108 b,2017,1360
K2-11 b,2015,734
K2-110 b,2017,575
K2-111 b,2017,1309
K2-113 b,2017,1098
K2-114 b,2017,661
K2-115 b,2017,619
K2-116 b,2017,
K2-117 b,2017,868
K2-117 c,2017,537
K2-118 b,2017,
K2-119 b,2017,666
K2-12 b,2015,1003
K2-120 b,2017,
K2-121 b,2017,723
K2-122 b,2017,814
K2-123 b,2017,338
K2-124 b,2017,442
K2-125 b,2017,
K2-126 b,2017,601
K2-127 b,2017,809
K2-128 b,2017,
K2-129 b,2017,
K2-13 b,2015,511
K2-130 b,2017,
K2-131 b,2017,2062
K2-132 b,2017,
K2-133 b,2017,
K2-133 c,2017,
K2-133 d,2017,
K2-133 e,2019,296
K2-136 b,2017,553
K2-136 c,2017,425
K2-136 d,2017,373
K2-137 b,2017,1471
K2-138 b,2017,
K2-138 c,2017,
K2-138 d,2017,
K2-138 e,2017,
K2-138 f,2017,
K2-139 b,2017,524
K2-14 b,2015,488
K2-140 b,2017,957
K2-141 b,2018,
K2-141 c,2018,
K2-146 b,2018,
K2-146 c,2019,
K2-147 b,2018,
K2-148 b,2018,
K2-148 c,2018,
K2-148 d,2018,
K2-149 b,2018,
K2-15 b,2015,676
K2-150 b,2018,
K2-151 b,2018,566
K2-152 b,2018,337
K2-153 b,2018,497
K2-154 b,2018,715
K2-154 c,2018,552
K2-155 b,2018,708
K2-155 c,2018,583
K2-155 d,2018,381
K2-156 b,2018,1347
K2-157 b,2018,
K2-158 b,2018,794
K2-158 c,2018,948
K2-159 b,2018,684
K2-16 b,2015,658
K2-16 c,2015,485
K2-160 b,2018,
K2-161 b,2018,
K2-162 b,2018,631
K2-163 b,2018,
K2-164 b,2018,
K2-165 b,2018,
K2-165 c,2018,
K2-165 d,2018,
K2-166 b,2018,1140
K2-167 b,2018,
K2-168 b,2018,766
K2-169 b,2018,
K2-17 b,2015,487
K2-170 b,2018,
K2-170 c,2018,
K2-171 b,2018,
K2-172 b,2018,
K2-172 c,2018,
K2-173 b,2018,
K2-174 b,2018,455
K2-175 b,2018,
K2-176 b,2018,
K2-177 b,2018,
K2-178 b,2018,
K2-179 b,2018,
K2-18 b,2015,284
K2-18 c,2017,363
K2-180 b,2018,731
K2-181 b,2018,962
K2-182 b,2018,885
K2-183 b,2018,
K2-183 c,2018,787
K2-183 d,2018,615
K2-184 b,2018,580
K2-185 b,2018,
K2-186 b,2018,
K2-187 b,2018,1815
K2-187 c,2018,1173
K2-187 d,2018,865
K2-187 e,2018,698
K2-188 b,2018,1692
K2-188 c,2018,1026
K2-189 b,2018,1197
K2-189 c,2018,872
K2-19 b,2015,854
K2-19 c,2015,745
K2-19 d,2016,1252
K2-190 b,2018,
K2-190 c,2018,
K2-191 b,2018,
K2-192 b,2018,939
K2-193 b,2018,739
K2-194 b,2018,
K2-195 b,2018,720
K2-195 c,2018,
K2-196 b,2018,
K2-197 b,2018,848
K2-198 b,2018,716
K2-198 c,2019,1230
K2-198 d,2019,943
K2-199 b,2018,861
K2-199 c,2018,653
K2-200 b,2018,
K2-201 b,2018,
K2-201 c,2018,
K2-202 b,2018,
K2-203 b,2018,
K2-204 b,2018,
K2-205 b,2018,
K2-206 b,2018,
K2-207 b,2018,
K2-208 b,2018,
K2-209 b,2018,
K2-21 b,2015,
K2-21 c,2015,
K2-210 b,2018,
K2-211 b,2018,
K2-212 b,2018,542
K2-213 b,2018,
K2-214 b,2018,1006
K2-215 b,2018,
K2-216 b,2018,1103
K2-217 b,2018,
K2-218 b,2018,
K2-219 b,2018,
K2-219 c,2018,
K2-219 d,2018,
K2-22 b,2015,2100
K2-220 b,2018,758
K2-221 b,2018,
K2-222 b,2018,801
K2-223 b,2018,2271
K2-223 c,2018,1091
K2-224 b,2018,1002
K2-224 c,2018,764
K2-225 b,2018,902
K2-226 b,2018,1120
K2-227 b,2018,
K2-228 b,2018,914
K2-229 b,2018,1818
K2-229 c,2018,750
K2-230 b,2018,1529
K2-231 b,2018,
K2-232 b,2018,1030
K2-233 b,2018,1040
K2-233 c,2018,728
K2-233 d,2018,482
K2-237 b,2018,1838
K2-238 b,2018,1587
K2-239 b,2018,502
K2-239 c,2018,427
K2-239 d,2018,399
K2-24 b,2016,
K2-24 c,2016,
K2-240 b,2018,586
K2-240 c,2018,389
K2-241 b,2018,507
K2-242 b,2018,416
K2-243 b,2018,1035
K2-243 c,2018,801
K2-244 b,2018,638
K2-245 b,2018,923
K2-246 b,2018,977
K2-247 b,2018,979
K2-247 c,2018,688
K2-248 b,2018,886
K2-249 b,2018,1061
K2-25 b,2015,
K2-250 b,2018,958
K2-251 b,2018,437
K2-252 b,2018,639
K2-253 b,2018,1238
K2-254 b,2018,791
K2-254 c,2018,551
K2-255 b,2018,1034
K2-256 b,2018,845
K2-257 b,2018,789
K2-258 b,2018,831
K2-259 b,2018,795
K2-26 b,2016,430
K2-260 b,2018,1957
K2-261 b,2018,1080
K2-263 b,2018,470
K2-264 b,2018,496
K2-264 c,2018,331
K2-265 b,2018,
K2-266 b,2018,1515
K2-266 c,2018,665
K2-266 d,2018,538
K2-266 e,2018,490
K2-268 b,2018,1121
K2-268 c,2018,688
K2-269 b,2018,1429
K2-27 b,2016,902
K2-270 b,2018,1203
K2-270 c,2018,848
K2-271 b,2018,893
K2-272 b,2018,655
K2-273 b,2018,672
K2-274 b,2018,589
K2-275 b,2018,905
K2-275 c,2018,660
K2-276 b,2018,583
K2-277 b,2018,958
K2-278 b,2018,1711
K2-279 b,2018,879
K2-28 b,2016,568
K2-280 b,2018,744
K2-281 b,2018,665
K2-282 b,2018,1057
K2-283 b,2018,1186
K2-284 b,2018,653
K2-285 b,2018,1089
K2-285 c,2018,741
K2-285 d,2018,620
K2-285 e,2018,501
K2-286 b,2018,347
K2-287 b,2018,804
K2-288 B b,2018,226
K2-289 b,2019,753
K2-29 b,2016,1171
K2-290 b,2019,1230
K2-290 c,2019,676
K2-291 b,2019,
K2-293 b,2019,750
K2-294 b,2019,1425
K2-295 b,2018,852
K2-3 b,2015,463
K2-3 c,2015,344
K2-3 d,2015,282
K2-30 b,2016,1092
K2-308 b,2019,
K2-31 b,2016,
K2-32 b,2016,
K2-32 c,2016,
K2-32 d,2016,
K2-32 e,2019,
K2-33 b,2016,
K2-34 b,2016,1559
K2-35 b,2016,
K2-35 c,2016,
K2-36 b,2016,1224
K2-36 c,2016,788
K2-37 b,2016,974
K2-37 c,2016,861
K2-37 d,2016,663
K2-38 b,2016,
K2-38 c,2016,858
K2-39 b,2016,
K2-4 b,2015,
K2-42 b,2016,
K2-43 b,2016,939
K2-43 c,2019,1094
K2-44 b,2016,
K2-45 b,2016,
K2-46 b,2016,
K2-47 b,2016,
K2-48 b,2016,
K2-49 b,2016,
K2-5 b,2015,565
K2-5 c,2015,456
K2-50 b,2016,
K2-52 b,2016,2004
K2-53 b,2016,665
K2-54 b,2016,
K2-55 b,2016,
K2-57 b,2016,
K2-58 b,2016,
K2-58 c,2016,
K2-58 d,2016,
K2-59 b,2016,
K2-59 c,2016,
K2-6 b,2015,615
K2-60 b,2016,1400
K2-61 b,2016,
K2-62 b,2016,
K2-62 c,2016,
K2-63 b,2016,
K2-63 c,2016,
K2-64 b,2016,
K2-65 b,2016,
K2-66 b,2016,1372
K2-68 b,2016,
K2-69 b,2016,
K2-7 b,2015,651
K2-70 b,2016,
K2-71 b,2016,
K2-72 b,2016,
K2-72 c,2016,
K2-72 d,2016,
K2-72 e,2016,
K2-73 b,2016,
K2-74 b,2016,
K2-75 b,2016,
K2-75 c,2016,
K2-77 b,2016,
K2-79 b,2016,
K2-8 b,2015,631
K2-8 c,2016,801
K2-80 b,2016,
K2-80 c,2016,
K2-80 d,2018,
K2-81 b,2016,
K2-83 b,2016,
K2-83 c,2016,
K2-84 b,2016,
K2-84 c,2016,
K2-85 b,2016,
K2-86 b,2016,
K2-87 b,2016,979
K2-88 b,2016,
K2-89 b,2016,
K2-9 b,2015,314
K2-90 b,2016,502
K2-90 c,2016,
K2-91 b,2016,
K2-95 b,2016,383
K2-97 b,2016,1499
K2-98 b,2016,1092
K2-99 b,2016,1113
KELT-1 b,2012,
KELT-10 b,2016,1377
KELT-11 b,2017,
KELT-12 b,2017,1800
KELT-14 b,2016,1970
KELT-15 b,2016,
KELT-16 b,2017,2453
KELT-17 b,2016,2087
KELT-18 b,2017,2085
KELT-19 A b,2017,1935
KELT-2 A b,2012,
KELT-20 b,2017,2262
KELT-21 b,2018,2051
KELT-23 A b,2019,1561
KELT-24 b,2019,1459
KELT-3 b,2013,
KELT-4 A b,2016,1823
KELT-6 b,2014,
KELT-6 c,2015,
KELT-7 b,2015,
KELT-8 b,2015,
KELT-9 b,2017,4050
KIC 10001893 b,2014,
KIC 10001893 c,2014,
KIC 10001893 d,2014,
KIC 10525077 b,2015,
KIC 3558849 b,2015,
KIC 5437945 b,2015,
KIC 5951458 b,2015,
KIC 7917485 b,2016,
KIC 8540376 b,2015,
KIC 8540376 c,2015,
KIC 9663113 b,2015,
KMT-2016-BLG-0212L b,2018,
KMT-2016-BLG-1107L b,2019,
KMT-2016-BLG-1397L b,2018,
KMT-2016-BLG-1820L b,2018,
KMT-2016-BLG-2142L b,2018,
KMT-2017-BLG-0165L b,2018,
KMT-2017-BLG-1038L b,2019,
KMT-2017-BLG-1146L b,2019,
KOI-12 b,2015,
KOI-1257 b,2014,511
KOI-13 b,2011,2550
KOI-142 b,2013,
KOI-142 c,2013,
KOI-1599.01,2019,
KOI-1599.02,2019,
KOI-217 b,2010,
KOI-351 b,2013,
KOI-351 c,2013,
KOI-351 d,2013,
KOI-351 e,2013,
KOI-351 f,2013,
KOI-351 g,2013,
KOI-351 h,2013,
KOI-3680 b,2018,347
KOI-55 b,2011,
KOI-55 c,2011,
KOI-94 b,2013,1486
KOI-94 c,2013,1012
KOI-94 d,2013,806
KOI-94 e,2013,584
KPS-1 b,2018,1459
Kapteyn c,2014,
Kepler-10 b,2011,2130
Kepler-10 c,2011,584
Kepler-100 b,2014,
Kepler-100 c,2014,
Kepler-100 d,2014,
Kepler-1000 b,2016,
Kepler-1001 b,2016,
Kepler-1002 b,2016,
Kepler-1003 b,2016,
Kepler-1004 b,2016,
Kepler-1005 b,2016,
Kepler-1006 b,2016,
Kepler-1007 b,2016,
Kepler-1008 b,2016,
Kepler-1009 b,2016,
Kepler-101 b,2014,1513
Kepler-101 c,2014,1413
Kepler-1010 b,2016,
Kepler-1011 b,2016,
Kepler-1012 b,2016,
Kepler-1013 b,2016,
Kepler-1014 b,2016,
Kepler-1015 b,2016,
Kepler-1016 b,2016,
Kepler-1016 c,2016,
Kepler-1017 b,2016,
Kepler-1018 b,2016,
Kepler-1019 b,2016,
Kepler-102 b,2014,
Kepler-102 c,2014,
Kepler-102 d,2014,
Kepler-102 e,2013,
Kepler-102 f,2014,
Kepler-1020 b,2016,
Kepler-1021 b,2016,
Kepler-1022 b,2016,
Kepler-1023 b,2016,
Kepler-1024 b,2016,
Kepler-1025 b,2016,
Kepler-1026 b,2016,
Kepler-1027 b,2016,
Kepler-1028 b,2016,
Kepler-1029 b,2016,
Kepler-103 b,2014,
Kepler-103 c,2014,
Kepler-1030 b,2016,
Kepler-1031 b,2016,
Kepler-1032 b,2016,
Kepler-1033 b,2016,
Kepler-1034 b,2016,
Kepler-1035 b,2016,
Kepler-1036 b,2016,
Kepler-1037 b,2016,
Kepler-1038 b,2016,
Kepler-1039 b,2016,
Kepler-104 b,2014,
Kepler-104 c,2014,
Kepler-104 d,2014,
Kepler-1040 b,2016,
Kepler-1041 b,2016,
Kepler-1042 b,2016,
Kepler-1043 b,2016,
Kepler-1044 b,2016,
Kepler-1045 b,2016,
Kepler-1046 b,2016,
Kepler-1047 b,2016,
Kepler-1047 c,2016,
Kepler-1048 b,2016,
Kepler-1049 b,2016,
Kepler-105 b,2013,1418
Kepler-105 c,2014,
Kepler-1050 b,2016,
Kepler-1050 c,2016,
Kepler-1051 b,2016,
Kepler-1052 b,2016,
Kepler-1053 b,2016,
Kepler-1054 b,2016,
Kepler-1055 b,2016,
Kepler-1056 b,2016,
Kepler-1057 b,2016,
Kepler-1058 b,2016,
Kepler-1059 b,2016,
Kepler-106 b,2014,
Kepler-106 c,2014,
Kepler-106 d,2014,
Kepler-106 e,2014,
Kepler-1060 b,2016,
Kepler-1061 b,2016,
Kepler-1062 b,2016,
Kepler-1063 b,2016,
Kepler-1064 b,2016,
Kepler-1065 b,2016,
Kepler-1065 c,2016,
Kepler-1066 b,2016,
Kepler-1067 b,2016,
Kepler-1068 b,2016,
Kepler-1069 b,2016,
Kepler-107 b,2014,1593
Kepler-107 c,2014,1379
Kepler-107 d,2014,1173
Kepler-107 e,2014,955
Kepler-1070 b,2016,
Kepler-1071 b,2016,
Kepler-1072 b,2016,
Kepler-1073 b,2016,
Kepler-1073 c,2016,
Kepler-1074 b,2016,
Kepler-1075 b,2016,
Kepler-1076 b,2016,
Kepler-1077 b,2016,
Kepler-1078 b,2016,
Kepler-1079 b,2016,
Kepler-108 b,2014,
Kepler-108 c,2014,
Kepler-1080 b,2016,
Kepler-1081 b,2016,
Kepler-1082 b,2016,
Kepler-1083 b,2016,
Kepler-1084 b,2016,
Kepler-1085 b,2016,
Kepler-1086 b,2016,
Kepler-1086 c,2016,
Kepler-1087 b,2016,
Kepler-1088 b,2016,
Kepler-1089 b,2016,
Kepler-109 b,2014,
Kepler-109 c,2014,
Kepler-1090 b,2016,
Kepler-1091 b,2016,
Kepler-1092 b,2016,
Kepler-1093 b,2016,
Kepler-1093 c,2016,
Kepler-1094 b,2016,
Kepler-1095 b,2016,
Kepler-1096 b,2016,
Kepler-1097 b,2016,
Kepler-1098 b,2016,
Kepler-1099 b,2016,
Kepler-11 b,2010,
Kepler-11 c,2010,
Kepler-11 d,2010,
Kepler-11 e,2010,
Kepler-11 f,2010,
Kepler-11 g,2010,
Kepler-110 b,2014,
Kepler-110 c,2014,
Kepler-1100 b,2016,
Kepler-1101 b,2016,
Kepler-1102 b,2016,
Kepler-1103 b,2016,
Kepler-1104 b,2016,
Kepler-1105 b,2016,
Kepler-1106 b,2016,
Kepler-1107 b,2016,
Kepler-1108 b,2016,
Kepler-1109 b,2016,
Kepler-111 b,2014,
Kepler-111 c,2014,
Kepler-1110 b,2016,
Kepler-1111 b,2016,
Kepler-1112 b,2016,
Kepler-1113 b,2016,
Kepler-1114 b,2016,
Kepler-1115 b,2016,
Kepler-1116 b,2016,
Kepler-1117 b,2016,
Kepler-1118 b,2016,
Kepler-1119 b,2016,
Kepler-112 b,2014,
Kepler-112 c,2014,
Kepler-1120 b,2016,
Kepler-1121 b,2016,
Kepler-1122 b,2016,
Kepler-1123 b,2016,
Kepler-1124 b,2016,
Kepler-1125 b,2016,
Kepler-1126 b,2016,
Kepler-1127 b,2016,
Kepler-1128 b,2016,
Kepler-1129 b,2016,
Kepler-1129 c,2016,
Kepler-113 b,2014,
Kepler-113 c,2014,
Kepler-1130 b,2016,
Kepler-1131 b,2016,
Kepler-1132 b,2016,
Kepler-1133 b,2016,
Kepler-1134 b,2016,
Kepler-1135 b,2016,
Kepler-1136 b,2016,
Kepler-1137 b,2016,
Kepler-1138 b,2016,
Kepler-1139 b,2016,
Kepler-114 b,2014,
Kepler-114 c,2013,
Kepler-114 d,2013,
Kepler-1140 b,2016,
Kepler-1141 b,2016,
Kepler-1142 b,2016,
Kepler-1143 b,2016,
Kepler-1143 c,2016,
Kepler-1144 b,2016,
Kepler-1145 b,2016,
Kepler-1146 b,2016,
Kepler-1147 b,2016,
Kepler-1148 b,2016,
Kepler-1149 b,2016,
Kepler-115 b,2014,
Kepler-115 c,2014,
Kepler-1150 b,2016,
Kepler-1151 b,2016,
Kepler-1152 b,2016,
Kepler-1153 b,2016,
Kepler-1154 b,2016,
Kepler-1154 c,2016,
Kepler-1155 b,2016,
Kepler-1156 b,2016,
Kepler-1157 b,2016,
Kepler-1158 b,2016,
Kepler-1159 b,2016,
Kepler-116 b,2014,
Kepler-116 c,2014,
Kepler-1160 b,2016,
Kepler-1161 b,2016,
Kepler-1162 b,2016,
Kepler-1163 b,2016,
Kepler-1164 b,2016,
Kepler-1165 b,2016,
Kepler-1166 b,2016,
Kepler-1167 b,2016,
Kepler-1168 b,2016,
Kepler-1169 b,2016,
Kepler-117 b,2014,984
Kepler-117 c,2014,704
Kepler-1170 b,2016,
Kepler-1171 b,2016,
Kepler-1172 b,2016,
Kepler-1173 b,2016,
Kepler-1174 b,2016,
Kepler-1175 b,2016,
Kepler-1176 b,2016,
Kepler-1177 b,2016,
Kepler-1178 b,2016,
Kepler-1179 b,2016,
Kepler-118 b,2014,
Kepler-118 c,2014,
Kepler-1180 b,2016,
Kepler-1181 b,2016,
Kepler-1182 b,2016,
Kepler-1183 b,2016,
Kepler-1184 b,2016,
Kepler-1185 b,2016,
Kepler-1186 b,2016,
Kepler-1187 b,2016,
Kepler-1188 b,2016,
Kepler-1189 b,2016,
Kepler-119 b,2014,
Kepler-119 c,2014,
Kepler-1190 b,2016,
Kepler-1191 b,2016,
Kepler-1192 b,2016,
Kepler-1193 b,2016,
Kepler-1194 b,2016,
Kepler-1195 b,2016,
Kepler-1196 b,2016,
Kepler-1197 b,2016,
Kepler-1198 b,2016,
Kepler-1199 b,2016,
Kepler-12 b,2011,1480
Kepler-120 b,2014,
Kepler-120 c,2014,
Kepler-1200 b,2016,
Kepler-1201 b,2016,
Kepler-1202 b,2016,
Kepler-1203 b,2016,
Kepler-1204 b,2016,
Kepler-1205 b,2016,
Kepler-1206 b,2016,
Kepler-1207 b,2016,
Kepler-1208 b,2016,
Kepler-1209 b,2016,
Kepler-121 b,2014,
Kepler-121 c,2014,
Kepler-1210 b,2016,
Kepler-1211 b,2016,
Kepler-1212 b,2016,
Kepler-1213 b,2016,
Kepler-1214 b,2016,
Kepler-1215 b,2016,
Kepler-1216 b,2016,
Kepler-1217 b,2016,
Kepler-1218 b,2016,
Kepler-1219 b,2016,
Kepler-122 b,2014,
Kepler-122 c,2014,
Kepler-122 d,2014,
Kepler-122 e,2014,
Kepler-122 f,2014,
Kepler-1220 b,2016,
Kepler-1221 b,2016,
Kepler-1222 b,2016,
Kepler-1223 b,2016,
Kepler-1224 b,2016,
Kepler-1225 b,2016,
Kepler-1226 b,2016,
Kepler-1227 b,2016,
Kepler-1228 b,2016,
Kepler-1229 b,2016,
Kepler-123 b,2014,
Kepler-123 c,2014,
Kepler-1230 b,2016,
Kepler-1231 b,2016,
Kepler-1232 b,2016,
Kepler-1233 b,2016,
Kepler-1234 b,2016,
Kepler-1235 b,2016,
Kepler-1236 b,2016,
Kepler-1237 b,2016,
Kepler-1238 b,2016,
Kepler-1239 b,2016,
Kepler-124 b,2014,
Kepler-124 c,2014,
Kepler-124 d,2014,
Kepler-1240 b,2016,
Kepler-1241 b,2016,
Kepler-1242 b,2016,
Kepler-1243 b,2016,
Kepler-1244 b,2016,
Kepler-1245 b,2016,
Kepler-1245 c,2016,
Kepler-1246 b,2016,
Kepler-1247 b,2016,
Kepler-1248 b,2016,
Kepler-1249 b,2016,
Kepler-125 b,2014,
Kepler-125 c,2014,
Kepler-1250 b,2016,
Kepler-1251 b,2016,
Kepler-1252 b,2016,
Kepler-1253 b,2016,
Kepler-1254 b,2016,
Kepler-1254 c,2016,
Kepler-1254 d,2016,
Kepler-1255 b,2016,
Kepler-1256 b,2016,
Kepler-1257 b,2016,
Kepler-1258 b,2016,
Kepler-1259 b,2016,
Kepler-126 b,2014,
Kepler-126 c,2014,
Kepler-126 d,2014,
Kepler-1260 b,2016,
Kepler-1261 b,2016,
Kepler-1262 b,2016,
Kepler-1263 b,2016,
Kepler-1264 b,2016,
Kepler-1265 b,2016,
Kepler-1266 b,2016,
Kepler-1267 b,2016,
Kepler-1268 b,2016,
Kepler-1269 b,2016,
Kepler-127 b,2014,
Kepler-127 c,2014,
Kepler-127 d,2014,
Kepler-1270 b,2016,
Kepler-1271 b,2016,
Kepler-1272 b,2016,
Kepler-1273 b,2016,
Kepler-1274 b,2016,
Kepler-1275 b,2016,
Kepler-1276 b,2016,
Kepler-1277 b,2016,
Kepler-1278 b,2016,
Kepler-1279 b,2016,
Kepler-128 b,2013,
Kepler-128 c,2013,
Kepler-1280 b,2016,
Kepler-1281 b,2016,
Kepler-1282 b,2016,
Kepler-1283 b,2016,
Kepler-1284 b,2016,
Kepler-1285 b,2016,
Kepler-1286 b,2016,
Kepler-1287 b,2016,
Kepler-1288 b,2016,
Kepler-1289 b,2016,
Kepler-129 b,2014,
Kepler-129 c,2014,
Kepler-1290 b,2016,
Kepler-1291 b,2016,
Kepler-1292 b,2016,
Kepler-1293 b,2016,
Kepler-1294 b,2016,
Kepler-1295 b,2016,
Kepler-1296 b,2016,
Kepler-1297 b,2016,
Kepler-1298 b,2016,
Kepler-1299 b,2016,
Kepler-130 b,2014,
Kepler-130 c,2014,683
Kepler-130 d,2014,
Kepler-1300 b,2016,
Kepler-1301 b,2016,
Kepler-1302 b,2016,
Kepler-1303 b,2016,
Kepler-1304 b,2016,
Kepler-1305 b,2016,
Kepler-1306 b,2016,
Kepler-1307 b,2016,
Kepler-1308 b,2016,
Kepler-1309 b,2016,
Kepler-131 b,2014,
Kepler-131 c,2014,
Kepler-1310 b,2016,
Kepler-1311 b,2016,
Kepler-1311 c,2016,
Kepler-1312 b,2016,
Kepler-1313 b,2016,
Kepler-1314 b,2016,
Kepler-1315 b,2016,
Kepler-1316 b,2016,
Kepler-1317 b,2016,
Kepler-1318 b,2016,
Kepler-1319 b,2016,
Kepler-132 b,2014,
Kepler-132 c,2014,
Kepler-132 d,2014,
Kepler-132 e,2016,
Kepler-1320 b,2016,
Kepler-1321 b,2016,
Kepler-1321 c,2016,
Kepler-1322 b,2016,
Kepler-1323 b,2016,
Kepler-1324 b,2016,
Kepler-1325 b,2016,
Kepler-1326 b,2016,
Kepler-1327 b,2016,
Kepler-1328 b,2016,
Kepler-1329 b,2016,
Kepler-133 b,2014,
Kepler-133 c,2014,
Kepler-1330 b,2016,
Kepler-1331 b,2016,
Kepler-1332 b,2016,
Kepler-1333 b,2016,
Kepler-1334 b,2016,
Kepler-1335 b,2016,
Kepler-1336 b,2016,
Kepler-1336 c,2016,
Kepler-1337 b,2016,
Kepler-1338 b,2016,
Kepler-1339 b,2016,
Kepler-134 b,2014,
Kepler-134 c,2014,
Kepler-1340 b,2016,
Kepler-1341 b,2016,
Kepler-1342 b,2016,
Kepler-1343 b,2016,
Kepler-1344 b,2016,
Kepler-1345 b,2016,
Kepler-1346 b,2016,
Kepler-1347 b,2016,
Kepler-1348 b,2016,
Kepler-1349 b,2016,
Kepler-135 b,2014,
Kepler-135 c,2014,
Kepler-1350 b,2016,
Kepler-1350 c,2016,
Kepler-1351 b,2016,
Kepler-1352 b,2016,
Kepler-1353 b,2016,
Kepler-1354 b,2016,
Kepler-1355 b,2016,
Kepler-1356 b,2016,
Kepler-1357 b,2016,
Kepler-1358 b,2016,
Kepler-1359 b,2016,
Kepler-136 b,2014,
Kepler-136 c,2014,
Kepler-1360 b,2016,
Kepler-1361 b,2016,
Kepler-1362 b,2016,
Kepler-1363 b,2016,
Kepler-1364 b,2016,
Kepler-1365 b,2016,
Kepler-1365 c,2016,
Kepler-1366 b,2016,
Kepler-1367 b,2016,
Kepler-1368 b,2016,
Kepler-1369 b,2016,
Kepler-137 b,2014,
Kepler-137 c,2014,
Kepler-1370 b,2016,
Kepler-1370 c,2016,
Kepler-1371 b,2016,
Kepler-1371 c,2016,
Kepler-1372 b,2016,
Kepler-1373 b,2016,
Kepler-1374 b,2016,
Kepler-1375 b,2016,
Kepler-1376 b,2016,
Kepler-1377 b,2016,
Kepler-1378 b,2016,
Kepler-1379 b,2016,
Kepler-138 b,2014,
Kepler-138 c,2014,
Kepler-138 d,2014,
Kepler-1380 b,2016,
Kepler-1381 b,2016,
Kepler-1382 b,2016,
Kepler-1383 b,2016,
Kepler-1384 b,2016,
Kepler-1385 b,2016,
Kepler-1386 b,2016,
Kepler-1387 b,2016,
Kepler-1388 b,2016,
Kepler-1388 c,2016,
Kepler-1388 d,2016,
Kepler-1388 e,2016,
Kepler-1389 b,2016,
Kepler-139 b,2014,
Kepler-139 c,2014,
Kepler-1390 b,2016,
Kepler-1391 b,2016,
Kepler-1392 b,2016,
Kepler-1393 b,2016,
Kepler-1394 b,2016,
Kepler-1395 b,2016,
Kepler-1396 b,2016,
Kepler-1397 b,2016,
Kepler-1398 b,2016,
Kepler-1398 c,2016,
Kepler-1399 b,2016,
Kepler-14 b,2011,
Kepler-140 b,2014,
Kepler-140 c,2014,
Kepler-1400 b,2016,
Kepler-1401 b,2016,
Kepler-1402 b,2016,
Kepler-1403 b,2016,
Kepler-1404 b,2016,
Kepler-1405 b,2016,
Kepler-1406 b,2016,
Kepler-1407 b,2016,
Kepler-1408 b,2016,
Kepler-1409 b,2016,
Kepler-141 b,2014,
Kepler-141 c,2014,
Kepler-1410 b,2016,
Kepler-1411 b,2016,
Kepler-1412 b,2016,
Kepler-1413 b,2016,
Kepler-1414 b,2016,
Kepler-1415 b,2016,
Kepler-1416 b,2016,
Kepler-1417 b,2016,
Kepler-1418 b,2016,
Kepler-1419 b,2016,
Kepler-142 b,2014,
Kepler-142 c,2014,
Kepler-142 d,2014,
Kepler-1420 b,2016,
Kepler-1421 b,2016,
Kepler-1422 b,2016,
Kepler-1423 b,2016,
Kepler-1424 b,2016,
Kepler-1425 b,2016,
Kepler-1426 b,2016,
Kepler-1427 b,2016,
Kepler-1428 b,2016,
Kepler-1429 b,2016,
Kepler-143 b,2014,
Kepler-143 c,2014,
Kepler-1430 b,2016,
Kepler-1431 b,2016,
Kepler-1432 b,2016,
Kepler-1433 b,2016,
Kepler-1434 b,2016,
Kepler-1435 b,2016,
Kepler-1436 b,2016,
Kepler-1437 b,2016,
Kepler-1438 b,2016,
Kepler-1439 b,2016,
Kepler-144 b,2014,
Kepler-144 c,2014,
Kepler-1440 b,2016,
Kepler-1441 b,2016,
Kepler-1442 b,2016,
Kepler-1443 b,2016,
Kepler-1444 b,2016,
Kepler-1445 b,2016,
Kepler-1446 b,2016,
Kepler-1447 b,2016,
Kepler-1448 b,2016,
Kepler-1449 b,2016,
Kepler-145 b,2013,
Kepler-145 c,2013,
Kepler-1450 b,2016,
Kepler-1451 b,2016,
Kepler-1452 b,2016,
Kepler-1453 b,2016,
Kepler-1454 b,2016,
Kepler-1455 b,2016,
Kepler-1456 b,2016,
Kepler-1457 b,2016,
Kepler-1458 b,2016,
Kepler-1459 b,2016,
Kepler-146 b,2014,
Kepler-146 c,2014,
Kepler-1460 b,2016,
Kepler-1461 b,2016,
Kepler-1462 b,2016,
Kepler-1463 b,2016,
Kepler-1464 b,2016,
Kepler-1464 c,2016,
Kepler-1465 b,2016,
Kepler-1466 b,2016,
Kepler-1467 b,2016,
Kepler-1468 b,2016,
Kepler-1468 c,2016,
Kepler-1469 b,2016,
Kepler-147 b,2014,
Kepler-147 c,2014,
Kepler-1470 b,2016,
Kepler-1471 b,2016,
Kepler-1472 b,2016,
Kepler-1473 b,2016,
Kepler-1474 b,2016,
Kepler-1475 b,2016,
Kepler-1476 b,2016,
Kepler-1477 b,2016,
Kepler-1478 b,2016,
Kepler-1479 b,2016,
Kepler-148 b,2014,
Kepler-148 c,2014,
Kepler-148 d,2016,
Kepler-1480 b,2016,
Kepler-1481 b,2016,
Kepler-1482 b,2016,
Kepler-1483 b,2016,
Kepler-1484 b,2016,
Kepler-1485 b,2016,
Kepler-1486 b,2016,
Kepler-1487 b,2016,
Kepler-1488 b,2016,
Kepler-1489 b,2016,
Kepler-149 b,2014,
Kepler-149 c,2014,
Kepler-149 d,2014,
Kepler-1490 b,2016,
Kepler-1491 b,2016,
Kepler-1492 b,2016,
Kepler-1493 b,2016,
Kepler-1494 b,2016,
Kepler-1495 b,2016,
Kepler-1496 b,2016,
Kepler-1497 b,2016,
Kepler-1498 b,2016,
Kepler-1499 b,2016,
Kepler-15 b,2011,
Kepler-150 b,2014,
Kepler-150 c,2014,
Kepler-150 d,2014,
Kepler-150 e,2014,
Kepler-150 f,2017,
Kepler-1500 b,2016,
Kepler-1501 b,2016,
Kepler-1502 b,2016,
Kepler-1503 b,2016,
Kepler-1504 b,2016,
Kepler-1505 b,2016,
Kepler-1506 b,2016,
Kepler-1507 b,2016,
Kepler-1508 b,2016,
Kepler-1509 b,2016,
Kepler-151 b,2014,
Kepler-151 c,2014,
Kepler-1510 b,2016,
Kepler-1511 b,2016,
Kepler-1512 b,2016,
Kepler-1513 b,2016,
Kepler-1514 b,2016,
Kepler-1515 b,2016,
Kepler-1516 b,2016,
Kepler-1517 b,2016,
Kepler-1518 b,2016,
Kepler-1519 b,2016,
Kepler-152 b,2014,
Kepler-152 c,2014,
Kepler-1520 b,2016,
Kepler-1521 b,2016,
Kepler-1522 b,2016,
Kepler-1523 b,2016,
Kepler-1524 b,2016,
Kepler-1525 b,2016,
Kepler-1526 b,2016,
Kepler-1527 b,2016,
Kepler-1528 b,2016,
Kepler-1529 b,2016,
Kepler-153 b,2014,
Kepler-153 c,2014,
Kepler-1530 b,2016,
Kepler-1530 c,2016,
Kepler-1531 b,2016,
Kepler-1532 b,2016,
Kepler-1533 b,2016,
Kepler-1534 b,2016,
Kepler-1535 b,2016,
Kepler-1536 b,2016,
Kepler-1537 b,2016,
Kepler-1538 b,2016,
Kepler-1539 b,2016,
Kepler-154 b,2014,
Kepler-154 c,2014,
Kepler-154 d,2016,
Kepler-154 e,2016,
Kepler-154 f,2016,
Kepler-1540 b,2016,
Kepler-1541 b,2016,
Kepler-1542 b,2016,
Kepler-1542 c,2016,
Kepler-1542 d,2016,
Kepler-1542 e,2016,
Kepler-1543 b,2016,
Kepler-1544 b,2016,
Kepler-1545 b,2016,
Kepler-1546 b,2016,
Kepler-1547 b,2016,
Kepler-1548 b,2016,
Kepler-1549 b,2016,
Kepler-155 b,2014,
Kepler-155 c,2014,
Kepler-1550 b,2016,
Kepler-1551 b,2016,
Kepler-1552 b,2016,
Kepler-1553 b,2016,
Kepler-1554 b,2016,
Kepler-1555 b,2016,
Kepler-1556 b,2016,
Kepler-1557 b,2016,
Kepler-1558 b,2016,
Kepler-1559 b,2016,
Kepler-156 b,2014,
Kepler-156 c,2014,
Kepler-1560 b,2016,
Kepler-1561 b,2016,
Kepler-1562 b,2016,
Kepler-1563 b,2016,
Kepler-1564 b,2016,
Kepler-1565 b,2016,
Kepler-1566 b,2016,
Kepler-1567 b,2016,
Kepler-1568 b,2016,
Kepler-1569 b,2016,
Kepler-157 b,2014,
Kepler-157 c,2014,
Kepler-157 d,2016,
Kepler-1570 b,2016,
Kepler-1571 b,2016,
Kepler-1572 b,2016,
Kepler-1573 b,2016,
Kepler-1574 b,2016,
Kepler-1575 b,2016,
Kepler-1576 b,2016,
Kepler-1577 b,2016,
Kepler-1578 b,2016,
Kepler-1579 b,2016,
Kepler-158 b,2014,
Kepler-158 c,2014,
Kepler-1580 b,2016,
Kepler-1581 b,2016,
Kepler-1582 b,2016,
Kepler-1583 b,2016,
Kepler-1584 b,2016,
Kepler-1585 b,2016,
Kepler-1586 b,2016,
Kepler-1587 b,2016,
Kepler-1588 b,2016,
Kepler-1589 b,2016,
Kepler-159 b,2014,
Kepler-159 c,2014,
Kepler-1590 b,2016,
Kepler-1591 b,2016,
Kepler-1592 b,2016,
Kepler-1593 b,2016,
Kepler-1594 b,2016,
Kepler-1595 b,2016,
Kepler-1596 b,2016,
Kepler-1597 b,2016,
Kepler-1598 b,2016,
Kepler-1599 b,2016,
Kepler-16 b,2011,
Kepler-160 b,2014,
Kepler-160 c,2014,
Kepler-1600 b,2016,
Kepler-1601 b,2016,
Kepler-1602 b,2016,
Kepler-1603 b,2016,
Kepler-1604 b,2016,
Kepler-1605 b,2016,
Kepler-1606 b,2016,
Kepler-1607 b,2016,
Kepler-1608 b,2016,
Kepler-1609 b,2016,
Kepler-161 b,2014,
Kepler-161 c,2014,
Kepler-1610 b,2016,
Kepler-1611 b,2016,
Kepler-1612 b,2016,
Kepler-1613 b,2016,
Kepler-1614 b,2016,
Kepler-1615 b,2016,
Kepler-1616 b,2016,
Kepler-1617 b,2016,
Kepler-1618 b,2016,
Kepler-1619 b,2016,
Kepler-162 b,2014,
Kepler-162 c,2014,
Kepler-1620 b,2016,
Kepler-1621 b,2016,
Kepler-1622 b,2016,
Kepler-1623 b,2016,
Kepler-1624 b,2016,
Kepler-1625 b,2016,
Kepler-1626 b,2016,
Kepler-1627 b,2016,
Kepler-1628 b,2016,
Kepler-1629 b,2016,
Kepler-163 b,2014,
Kepler-163 c,2014,
Kepler-1630 b,2016,
Kepler-1631 b,2016,
Kepler-1632 b,2016,
Kepler-1633 b,2016,
Kepler-1634 b,2016,
Kepler-1635 b,2016,
Kepler-1636 b,2016,
Kepler-1637 b,2016,
Kepler-1638 b,2016,
Kepler-1639 b,2016,
Kepler-164 b,2014,
Kepler-164 c,2014,
Kepler-164 d,2014,
Kepler-1640 b,2016,
Kepler-1641 b,2016,
Kepler-1641 c,2016,
Kepler-1642 b,2016,
Kepler-1642 c,2016,
Kepler-1643 b,2016,
Kepler-1644 b,2016,
Kepler-1645 b,2016,
Kepler-1646 b,2016,
Kepler-1647 b,2016,
Kepler-1649 b,2017,
Kepler-165 b,2014,
Kepler-165 c,2014,
Kepler-1650 b,2017,
Kepler-1651 b,2017,
Kepler-1652 b,2017,268
Kepler-1653 b,2017,284
Kepler-1654 b,2018,206
Kepler-1655 b,2018,
Kepler-1656 b,2018,651
Kepler-1658 b,2019,
Kepler-166 b,2014,
Kepler-166 c,2014,
Kepler-166 d,2016,
Kepler-167 b,2014,914
Kepler-167 c,2014,768
Kepler-167 d,2016,536
Kepler-167 e,2016,131
Kepler-168 b,2014,
Kepler-168 c,2014,
Kepler-169 b,2014,
Kepler-169 c,2014,
Kepler-169 d,2014,
Kepler-169 e,2014,
Kepler-169 f,2014,
Kepler-17 b,2011,1570
Kepler-170 b,2014,
Kepler-170 c,2014,
Kepler-171 b,2014,
Kepler-171 c,2014,
Kepler-171 d,2014,
Kepler-172 b,2014,
Kepler-172 c,2014,
Kepler-172 d,2014,
Kepler-172 e,2014,
Kepler-173 b,2014,
Kepler-173 c,2014,
Kepler-174 b,2014,
Kepler-174 c,2014,
Kepler-174 d,2014,
Kepler-175 b,2014,
Kepler-175 c,2014,
Kepler-176 b,2014,
Kepler-176 c,2014,
Kepler-176 d,2014,
Kepler-176 e,2016,
Kepler-177 b,2013,
Kepler-177 c,2013,
Kepler-178 b,2014,
Kepler-178 c,2014,
Kepler-178 d,2014,
Kepler-179 b,2014,
Kepler-179 c,2014,
Kepler-18 b,2011,
Kepler-18 c,2011,
Kepler-18 d,2011,
Kepler-180 b,2014,
Kepler-180 c,2014,
Kepler-181 b,2014,
Kepler-181 c,2014,
Kepler-182 b,2014,
Kepler-182 c,2014,
Kepler-183 b,2014,
Kepler-183 c,2014,
Kepler-184 b,2014,
Kepler-184 c,2014,
Kepler-184 d,2014,
Kepler-185 b,2014,
Kepler-185 c,2014,
Kepler-186 b,2014,
Kepler-186 c,2014,
Kepler-186 d,2014,
Kepler-186 e,2014,
Kepler-186 f,2014,
Kepler-187 b,2014,
Kepler-187 c,2014,
Kepler-188 b,2014,
Kepler-188 c,2014,
Kepler-189 b,2014,
Kepler-189 c,2014,
Kepler-19 b,2011,
Kepler-19 c,2011,
Kepler-19 d,2017,
Kepler-190 b,2014,
Kepler-190 c,2014,
Kepler-191 b,2014,
Kepler-191 c,2014,
Kepler-191 d,2016,
Kepler-192 b,2014,
Kepler-192 c,2014,
Kepler-192 d,2016,
Kepler-193 b,2014,
Kepler-193 c,2014,
Kepler-194 b,2014,
Kepler-194 c,2014,
Kepler-194 d,2014,
Kepler-195 b,2014,
Kepler-195 c,2014,
Kepler-196 b,2014,
Kepler-196 c,2014,
Kepler-197 b,2014,
Kepler-197 c,2014,
Kepler-197 d,2014,
Kepler-197 e,2014,
Kepler-198 b,2014,
Kepler-198 c,2014,
Kepler-198 d,2016,
Kepler-199 b,2014,
Kepler-199 c,2014,
Kepler-20 b,2011,1105
Kepler-20 c,2011,772
Kepler-20 d,2011,401
Kepler-20 e,2011,
Kepler-20 f,2011,
Kepler-20 g,2016,524
Kepler-200 b,2014,
Kepler-200 c,2014,
Kepler-201 b,2014,
Kepler-201 c,2014,
Kepler-202 b,2014,
Kepler-202 c,2014,
Kepler-203 b,2014,
Kepler-203 c,2014,
Kepler-203 d,2014,
Kepler-204 b,2014,
Kepler-204 c,2014,
Kepler-205 b,2014,
Kepler-205 c,2014,
Kepler-206 b,2014,
Kepler-206 c,2014,
Kepler-206 d,2014,
Kepler-207 b,2014,
Kepler-207 c,2014,
Kepler-207 d,2014,
Kepler-208 b,2014,
Kepler-208 c,2014,
Kepler-208 d,2014,
Kepler-208 e,2014,
Kepler-209 b,2014,
Kepler-209 c,2014,
Kepler-21 b,2012,2025
Kepler-210 b,2014,
Kepler-210 c,2014,
Kepler-211 b,2014,
Kepler-211 c,2014,
Kepler-212 b,2014,
Kepler-212 c,2014,
Kepler-213 b,2014,
Kepler-213 c,2014,
Kepler-214 b,2014,
Kepler-214 c,2014,
Kepler-215 b,2014,
Kepler-215 c,2014,
Kepler-215 d,2014,
Kepler-215 e,2014,
Kepler-216 b,2014,
Kepler-216 c,2014,
Kepler-217 b,2014,
Kepler-217 c,2014,
Kepler-217 d,2016,
Kepler-218 b,2014,
Kepler-218 c,2014,
Kepler-218 d,2016,
Kepler-219 b,2014,
Kepler-219 c,2014,
Kepler-219 d,2014,
Kepler-22 b,2011,262
Kepler-220 b,2014,
Kepler-220 c,2014,
Kepler-220 d,2014,
Kepler-220 e,2014,
Kepler-221 b,2014,
Kepler-221 c,2014,
Kepler-221 d,2014,
Kepler-221 e,2014,
Kepler-222 b,2014,
Kepler-222 c,2014,
Kepler-222 d,2014,
Kepler-223 b,2014,
Kepler-223 c,2014,
Kepler-223 d,2014,
Kepler-223 e,2014,
Kepler-224 b,2014,
Kepler-224 c,2014,
Kepler-224 d,2014,
Kepler-224 e,2014,
Kepler-225 b,2014,
Kepler-225 c,2014,
Kepler-226 b,2014,
Kepler-226 c,2014,
Kepler-226 d,2014,
Kepler-227 b,2014,
Kepler-227 c,2014,
Kepler-228 b,2014,
Kepler-228 c,2014,
Kepler-228 d,2014,
Kepler-229 b,2014,
Kepler-229 c,2014,
Kepler-229 d,2014,
Kepler-23 b,2011,
Kepler-23 c,2011,
Kepler-23 d,2014,
Kepler-230 b,2014,
Kepler-230 c,2014,
Kepler-231 b,2014,
Kepler-231 c,2014,
Kepler-232 b,2014,
Kepler-232 c,2014,
Kepler-233 b,2014,
Kepler-233 c,2014,
Kepler-234 b,2014,
Kepler-234 c,2014,
Kepler-235 b,2014,
Kepler-235 c,2014,
Kepler-235 d,2014,
Kepler-235 e,2014,
Kepler-236 b,2014,
Kepler-236 c,2014,
Kepler-237 b,2014,
Kepler-237 c,2014,
Kepler-238 b,2014,
Kepler-238 c,2014,
Kepler-238 d,2014,
Kepler-238 e,2013,
Kepler-238 f,2013,
Kepler-239 b,2014,
Kepler-239 c,2014,
Kepler-24 b,2011,
Kepler-24 c,2011,
Kepler-24 d,2014,
Kepler-24 e,2014,
Kepler-240 b,2014,
Kepler-240 c,2014,
Kepler-241 b,2014,
Kepler-241 c,2014,
Kepler-242 b,2014,
Kepler-242 c,2014,
Kepler-243 b,2014,
Kepler-243 c,2014,
Kepler-244 b,2014,
Kepler-244 c,2014,
Kepler-244 d,2014,
Kepler-245 b,2014,
Kepler-245 c,2014,
Kepler-245 d,2014,
Kepler-245 e,2016,
Kepler-246 b,2014,
Kepler-246 c,2014,
Kepler-247 b,2014,
Kepler-247 c,2014,
Kepler-247 d,2014,
Kepler-248 b,2014,
Kepler-248 c,2014,
Kepler-249 b,2014,
Kepler-249 c,2014,
Kepler-249 d,2014,
Kepler-25 b,2011,
Kepler-25 c,2011,
Kepler-25 d,2014,
Kepler-250 b,2014,
Kepler-250 c,2014,
Kepler-250 d,2014,
Kepler-251 b,2014,
Kepler-251 c,2014,
Kepler-251 d,2014,
Kepler-251 e,2014,
Kepler-252 b,2014,
Kepler-252 c,2014,
Kepler-253 b,2014,
Kepler-253 c,2014,
Kepler-253 d,2014,
Kepler-254 b,2014,
Kepler-254 c,2014,
Kepler-254 d,2014,
Kepler-255 b,2014,
Kepler-255 c,2014,
Kepler-255 d,2016,
Kepler-256 b,2014,
Kepler-256 c,2014,
Kepler-256 d,2014,
Kepler-256 e,2014,
Kepler-257 b,2014,
Kepler-257 c,2014,
Kepler-257 d,2014,
Kepler-258 b,2014,
Kepler-258 c,2014,
Kepler-259 b,2014,
Kepler-259 c,2014,
Kepler-26 b,2011,
Kepler-26 c,2011,
Kepler-26 d,2014,
Kepler-26 e,2014,
Kepler-260 b,2014,
Kepler-260 c,2014,
Kepler-261 b,2014,
Kepler-261 c,2014,
Kepler-262 b,2014,
Kepler-262 c,2014,
Kepler-263 b,2014,
Kepler-263 c,2014,
Kepler-264 b,2014,
Kepler-264 c,2014,
Kepler-265 b,2014,
Kepler-265 c,2014,
Kepler-265 d,2014,
Kepler-265 e,2014,
Kepler-266 b,2014,
Kepler-266 c,2014,
Kepler-267 b,2014,
Kepler-267 c,2014,
Kepler-267 d,2014,
Kepler-268 b,2014,
Kepler-268 c,2014,
Kepler-269 b,2014,
Kepler-269 c,2014,
Kepler-27 b,2011,
Kepler-27 c,2011,
Kepler-270 b,2014,
Kepler-270 c,2014,
Kepler-271 b,2014,
Kepler-271 c,2014,
Kepler-271 d,2016,
Kepler-272 b,2014,
Kepler-272 c,2014,
Kepler-272 d,2014,
Kepler-273 b,2014,
Kepler-273 c,2014,
Kepler-274 b,2014,
Kepler-274 c,2014,
Kepler-275 b,2014,
Kepler-275 c,2014,
Kepler-275 d,2014,
Kepler-276 b,2014,
Kepler-276 c,2013,
Kepler-276 d,2013,
Kepler-277 b,2013,
Kepler-277 c,2013,
Kepler-278 b,2014,
Kepler-278 c,2014,
Kepler-279 b,2014,
Kepler-279 c,2013,
Kepler-279 d,2013,
Kepler-28 b,2011,
Kepler-28 c,2011,
Kepler-280 b,2014,
Kepler-280 c,2014,
Kepler-281 b,2014,
Kepler-281 c,2014,
Kepler-282 b,2014,
Kepler-282 c,2014,
Kepler-282 d,2013,
Kepler-282 e,2013,
Kepler-283 b,2014,
Kepler-283 c,2014,
Kepler-284 b,2014,
Kepler-284 c,2014,
Kepler-285 b,2014,
Kepler-285 c,2014,
Kepler-286 b,2014,
Kepler-286 c,2014,
Kepler-286 d,2014,
Kepler-286 e,2014,
Kepler-287 b,2014,
Kepler-287 c,2014,
Kepler-288 b,2014,
Kepler-288 c,2014,
Kepler-288 d,2014,
Kepler-289 b,2014,
Kepler-289 c,2014,
Kepler-289 d,2014,
Kepler-29 b,2011,
Kepler-29 c,2011,
Kepler-290 b,2014,
Kepler-290 c,2014,
Kepler-291 b,2014,
Kepler-291 c,2014,
Kepler-292 b,2014,
Kepler-292 c,2014,
Kepler-292 d,2014,
Kepler-292 e,2014,
Kepler-292 f,2014,
Kepler-293 b,2014,
Kepler-293 c,2014,
Kepler-294 b,2014,
Kepler-294 c,2014,
Kepler-295 b,2014,
Kepler-295 c,2014,
Kepler-295 d,2014,
Kepler-296 b,2014,
Kepler-296 c,2014,
Kepler-296 d,2014,
Kepler-296 e,2014,
Kepler-296 f,2014,
Kepler-297 b,2014,
Kepler-297 c,2014,
Kepler-298 b,2014,
Kepler-298 c,2014,
Kepler-298 d,2014,
Kepler-299 b,2014,
Kepler-299 c,2014,
Kepler-299 d,2014,
Kepler-299 e,2014,
Kepler-30 b,2012,
Kepler-30 c,2012,
Kepler-30 d,2012,
Kepler-300 b,2014,
Kepler-300 c,2014,
Kepler-301 b,2014,
Kepler-301 c,2014,
Kepler-301 d,2014,
Kepler-302 b,2014,
Kepler-302 c,2014,
Kepler-303 b,2014,
Kepler-303 c,2014,
Kepler-304 b,2014,
Kepler-304 c,2014,
Kepler-304 d,2014,
Kepler-304 e,2016,
Kepler-305 b,2013,
Kepler-305 c,2013,
Kepler-305 d,2014,
Kepler-306 b,2014,
Kepler-306 c,2014,
Kepler-306 d,2014,
Kepler-306 e,2014,
Kepler-307 b,2013,
Kepler-307 c,2013,
Kepler-308 b,2014,
Kepler-308 c,2014,
Kepler-309 b,2014,
Kepler-309 c,2014,
Kepler-31 b,2011,
Kepler-31 c,2011,
Kepler-31 d,2014,
Kepler-310 b,2014,
Kepler-310 c,2014,
Kepler-310 d,2014,
Kepler-311 b,2014,
Kepler-311 c,2014,
Kepler-312 b,2014,
Kepler-312 c,2014,
Kepler-313 b,2014,
Kepler-313 c,2014,
Kepler-314 b,2014,
Kepler-314 c,2014,
Kepler-315 b,2014,
Kepler-315 c,2014,
Kepler-316 b,2014,
Kepler-316 c,2014,
Kepler-317 b,2014,
Kepler-317 c,2014,
Kepler-318 b,2014,
Kepler-318 c,2014,
Kepler-319 b,2014,
Kepler-319 c,2014,
Kepler-319 d,2014,
Kepler-32 b,2011,
Kepler-32 c,2011,
Kepler-32 d,2012,
Kepler-32 e,2012,
Kepler-32 f,2012,
Kepler-320 b,2014,
Kepler-320 c,2014,
Kepler-321 b,2014,
Kepler-321 c,2014,
Kepler-322 b,2014,
Kepler-322 c,2014,
Kepler-323 b,2014,
Kepler-323 c,2014,
Kepler-324 b,2014,
Kepler-324 c,2014,
Kepler-325 b,2014,
Kepler-325 c,2014,
Kepler-325 d,2014,
Kepler-326 b,2014,
Kepler-326 c,2014,
Kepler-326 d,2014,
Kepler-327 b,2014,
Kepler-327 c,2014,
Kepler-327 d,2014,
Kepler-328 b,2013,
Kepler-328 c,2013,
Kepler-329 b,2014,
Kepler-329 c,2014,
Kepler-33 b,2011,
Kepler-33 c,2011,
Kepler-33 d,2011,
Kepler-33 e,2011,
Kepler-33 f,2011,
Kepler-330 b,2014,
Kepler-330 c,2014,
Kepler-331 b,2014,
Kepler-331 c,2014,
Kepler-331 d,2014,
Kepler-332 b,2014,
Kepler-332 c,2014,
Kepler-332 d,2014,
Kepler-333 b,2014,
Kepler-333 c,2014,
Kepler-334 b,2014,
Kepler-334 c,2014,
Kepler-334 d,2014,
Kepler-335 b,2014,
Kepler-335 c,2014,
Kepler-336 b,2014,
Kepler-336 c,2014,
Kepler-336 d,2014,
Kepler-337 b,2014,
Kepler-337 c,2014,
Kepler-338 b,2014,
Kepler-338 c,2014,
Kepler-338 d,2014,
Kepler-338 e,2014,
Kepler-339 b,2014,
Kepler-339 c,2014,
Kepler-339 d,2014,
Kepler-34 b,2011,
Kepler-340 b,2014,
Kepler-340 c,2014,
Kepler-341 b,2014,
Kepler-341 c,2014,
Kepler-341 d,2014,
Kepler-341 e,2014,
Kepler-342 b,2014,
Kepler-342 c,2014,
Kepler-342 d,2014,
Kepler-342 e,2016,
Kepler-343 b,2014,
Kepler-343 c,2014,
Kepler-344 b,2014,
Kepler-344 c,2014,
Kepler-345 b,2014,
Kepler-345 c,2014,
Kepler-346 b,2014,
Kepler-346 c,2014,
Kepler-347 b,2014,
Kepler-347 c,2014,
Kepler-348 b,2014,
Kepler-348 c,2014,
Kepler-349 b,2014,
Kepler-349 c,2014,
Kepler-35 b,2011,
Kepler-350 b,2014,
Kepler-350 c,2013,
Kepler-350 d,2013,
Kepler-351 b,2014,
Kepler-351 c,2014,
Kepler-351 d,2016,
Kepler-352 b,2014,
Kepler-352 c,2014,
Kepler-353 b,2014,
Kepler-353 c,2014,
Kepler-354 b,2014,
Kepler-354 c,2014,
Kepler-354 d,2014,
Kepler-355 b,2014,
Kepler-355 c,2014,
Kepler-356 b,2014,
Kepler-356 c,2014,
Kepler-357 b,2014,
Kepler-357 c,2014,
Kepler-357 d,2014,
Kepler-358 b,2014,
Kepler-358 c,2014,
Kepler-359 b,2014,
Kepler-359 c,2014,
Kepler-359 d,2014,
Kepler-36 b,2012,978
Kepler-36 c,2012,928
Kepler-360 b,2014,
Kepler-360 c,2014,
Kepler-361 b,2014,
Kepler-361 c,2014,
Kepler-362 b,2014,
Kepler-362 c,2014,
Kepler-363 b,2014,
Kepler-363 c,2014,
Kepler-363 d,2014,
Kepler-364 b,2014,
Kepler-364 c,2014,
Kepler-365 b,2014,
Kepler-365 c,2014,
Kepler-366 b,2014,
Kepler-366 c,2014,
Kepler-367 b,2014,
Kepler-367 c,2014,
Kepler-368 b,2014,
Kepler-368 c,2014,
Kepler-369 b,2014,
Kepler-369 c,2014,
Kepler-37 b,2013,
Kepler-37 c,2013,
Kepler-37 d,2013,
Kepler-37 e,2014,
Kepler-370 b,2014,
Kepler-370 c,2014,
Kepler-371 b,2014,
Kepler-371 c,2014,
Kepler-372 b,2014,
Kepler-372 c,2014,
Kepler-372 d,2014,
Kepler-373 b,2014,
Kepler-373 c,2014,
Kepler-374 b,2014,
Kepler-374 c,2014,
Kepler-374 d,2014,
Kepler-375 b,2014,
Kepler-375 c,2014,
Kepler-376 b,2014,
Kepler-376 c,2014,
Kepler-377 b,2014,
Kepler-377 c,2014,
Kepler-378 b,2014,
Kepler-378 c,2014,
Kepler-379 b,2014,
Kepler-379 c,2014,
Kepler-38 b,2012,475
Kepler-380 b,2014,
Kepler-380 c,2014,
Kepler-381 b,2014,
Kepler-381 c,2014,
Kepler-382 b,2014,
Kepler-382 c,2014,
Kepler-383 b,2014,
Kepler-383 c,2014,
Kepler-384 b,2014,
Kepler-384 c,2014,
Kepler-385 b,2014,
Kepler-385 c,2014,
Kepler-386 b,2014,
Kepler-386 c,2014,
Kepler-387 b,2014,
Kepler-387 c,2014,
Kepler-388 b,2014,
Kepler-388 c,2014,
Kepler-389 b,2014,
Kepler-389 c,2014,
Kepler-39 b,2011,897
Kepler-390 b,2014,
Kepler-390 c,2014,
Kepler-391 b,2014,
Kepler-391 c,2014,
Kepler-392 b,2014,
Kepler-392 c,2014,
Kepler-393 b,2014,
Kepler-393 c,2014,
Kepler-394 b,2014,
Kepler-394 c,2014,
Kepler-395 b,2014,
Kepler-395 c,2014,
Kepler-396 b,2013,
Kepler-396 c,2013,
Kepler-397 b,2014,
Kepler-397 c,2014,
Kepler-398 b,2014,
Kepler-398 c,2014,
Kepler-398 d,2016,
Kepler-399 b,2014,
Kepler-399 c,2014,
Kepler-399 d,2014,
Kepler-4 b,2009,1650
Kepler-40 b,2010,1620
Kepler-400 b,2014,
Kepler-400 c,2014,
Kepler-401 b,2014,
Kepler-401 c,2014,
Kepler-401 d,2016,
Kepler-402 b,2014,
Kepler-402 c,2014,
Kepler-402 d,2014,
Kepler-402 e,2014,
Kepler-403 b,2014,
Kepler-403 c,2014,
Kepler-403 d,2016,
Kepler-404 b,2014,
Kepler-404 c,2014,
Kepler-405 b,2014,
Kepler-405 c,2014,
Kepler-406 b,2014,
Kepler-406 c,2014,
Kepler-407 b,2014,
Kepler-407 c,2014,
Kepler-408 b,2014,
Kepler-409 b,2014,
Kepler-41 b,2011,1790
Kepler-410 A b,2013,
Kepler-411 b,2013,1138
Kepler-411 c,2016,838
Kepler-411 d,2018,410
Kepler-411 e,2018,503
Kepler-412 b,2014,1850
Kepler-413 b,2014,
Kepler-414 b,2014,
Kepler-414 c,2014,
Kepler-415 b,2014,
Kepler-415 c,2014,
Kepler-416 b,2014,
Kepler-416 c,2014,
Kepler-417 b,2014,
Kepler-417 c,2014,
Kepler-418 b,2014,
Kepler-419 b,2014,
Kepler-419 c,2014,
Kepler-42 b,2011,519
Kepler-42 c,2011,720
Kepler-42 d,2011,450
Kepler-421 b,2014,185
Kepler-422 b,2014,
Kepler-423 b,2014,1605
Kepler-424 b,2014,
Kepler-424 c,2014,
Kepler-425 b,2014,1070
Kepler-426 b,2014,1300
Kepler-427 b,2014,1100
Kepler-428 b,2014,1070
Kepler-43 b,2011,1620
Kepler-430 b,2015,667
Kepler-430 c,2015,458
Kepler-431 b,2015,1032
Kepler-431 c,2015,951
Kepler-431 d,2015,856
Kepler-432 b,2015,
Kepler-432 c,2015,
Kepler-433 b,2015,1776
Kepler-434 b,2015,1000
Kepler-435 b,2015,1729
Kepler-436 b,2015,
Kepler-436 c,2016,
Kepler-437 b,2015,
Kepler-438 b,2015,
Kepler-439 b,2015,
Kepler-44 b,2011,1544
Kepler-440 b,2015,
Kepler-441 b,2015,
Kepler-442 b,2015,
Kepler-443 b,2015,
Kepler-444 b,2015,
Kepler-444 c,2015,
Kepler-444 d,2015,
Kepler-444 e,2015,
Kepler-444 f,2015,
Kepler-445 b,2015,
Kepler-445 c,2015,
Kepler-445 d,2015,
Kepler-446 b,2015,
Kepler-446 c,2015,
Kepler-446 d,2015,
Kepler-447 b,2015,
Kepler-449 b,2015,
Kepler-449 c,2015,
Kepler-45 b,2011,1000
Kepler-450 b,2015,
Kepler-450 c,2015,
Kepler-450 d,2015,
Kepler-452 b,2015,265
Kepler-453 b,2015,
Kepler-454 b,2015,
Kepler-454 c,2015,
Kepler-458 c,2016,
Kepler-46 b,2012,543
Kepler-46 c,2012,455
Kepler-46 d,2014,
Kepler-460 c,2016,
Kepler-461 b,2016,
Kepler-462 b,2016,
Kepler-463 b,2016,
Kepler-464 b,2016,
Kepler-465 b,2016,
Kepler-466 b,2016,
Kepler-466 c,2016,
Kepler-467 b,2016,
Kepler-468 b,2016,
Kepler-47 b,2012,
Kepler-47 c,2012,
Kepler-47 d,2019,
Kepler-470 b,2016,
Kepler-471 b,2016,
Kepler-472 b,2016,
Kepler-473 b,2016,
Kepler-474 b,2016,
Kepler-475 b,2016,
Kepler-476 b,2016,
Kepler-477 b,2016,
Kepler-478 b,2016,
Kepler-479 b,2016,
Kepler-48 b,2012,
Kepler-48 c,2012,
Kepler-48 d,2014,
Kepler-48 e,2014,
Kepler-480 b,2016,
Kepler-481 b,2016,
Kepler-482 b,2016,
Kepler-483 b,2016,
Kepler-484 b,2016,
Kepler-485 b,2016,
Kepler-486 b,2016,
Kepler-487 b,2016,
Kepler-487 c,2016,
Kepler-488 b,2016,
Kepler-489 b,2016,
Kepler-49 b,2012,
Kepler-49 c,2012,
Kepler-49 d,2014,
Kepler-49 e,2014,
Kepler-490 b,2016,
Kepler-491 b,2016,
Kepler-492 b,2016,
Kepler-493 b,2016,
Kepler-494 b,2016,
Kepler-495 b,2016,
Kepler-496 b,2016,
Kepler-497 b,2016,
Kepler-498 b,2016,
Kepler-499 b,2016,
Kepler-5 b,2009,1750
Kepler-50 b,2012,
Kepler-50 c,2012,
Kepler-500 b,2016,
Kepler-501 b,2016,
Kepler-502 b,2016,
Kepler-504 b,2016,
Kepler-505 b,2016,
Kepler-506 b,2016,
Kepler-507 b,2016,
Kepler-508 b,2016,
Kepler-509 b,2016,
Kepler-51 b,2012,543
Kepler-51 c,2012,439
Kepler-51 d,2014,381
Kepler-510 b,2016,
Kepler-511 b,2016,
Kepler-512 b,2016,
Kepler-513 b,2016,
Kepler-514 b,2016,
Kepler-515 b,2016,
Kepler-516 b,2016,
Kepler-517 b,2016,
Kepler-518 b,2016,
Kepler-519 b,2016,
Kepler-52 b,2012,
Kepler-52 c,2012,
Kepler-52 d,2014,
Kepler-520 b,2016,
Kepler-520 c,2016,
Kepler-521 b,2016,
Kepler-522 b,2016,
Kepler-523 b,2016,
Kepler-524 b,2016,
Kepler-524 c,2016,
Kepler-525 b,2016,
Kepler-526 b,2016,
Kepler-527 b,2016,
Kepler-528 b,2016,
Kepler-529 b,2016,
Kepler-529 c,2016,
Kepler-53 b,2012,
Kepler-53 c,2012,
Kepler-53 d,2014,
Kepler-530 b,2016,
Kepler-531 b,2016,
Kepler-532 b,2016,
Kepler-533 b,2016,
Kepler-534 b,2016,
Kepler-535 b,2016,
Kepler-536 b,2016,
Kepler-537 b,2016,
Kepler-538 b,2016,380
Kepler-539 b,2016,388
Kepler-539 c,2016,253
Kepler-54 b,2012,
Kepler-54 c,2012,
Kepler-54 d,2014,
Kepler-540 b,2016,
Kepler-541 b,2016,
Kepler-542 b,2016,
Kepler-543 b,2016,
Kepler-544 b,2016,
Kepler-545 b,2016,
Kepler-546 b,2016,
Kepler-547 b,2016,
Kepler-548 b,2016,
Kepler-549 b,2016,
Kepler-549 c,2016,
Kepler-55 b,2012,
Kepler-55 c,2012,
Kepler-55 d,2014,
Kepler-55 e,2014,
Kepler-55 f,2014,
Kepler-550 b,2016,
Kepler-551 b,2016,
Kepler-552 b,2016,
Kepler-553 b,2016,
Kepler-553 c,2016,
Kepler-554 b,2016,
Kepler-555 b,2016,
Kepler-556 b,2016,
Kepler-557 b,2016,
Kepler-558 b,2016,
Kepler-559 b,2016,
Kepler-56 b,2012,
Kepler-56 c,2012,
Kepler-56 d,2016,
Kepler-560 b,2016,
Kepler-561 b,2016,
Kepler-561 c,2016,
Kepler-562 b,2016,
Kepler-563 b,2016,
Kepler-564 b,2016,
Kepler-565 b,2016,
Kepler-566 b,2016,
Kepler-567 b,2016,
Kepler-568 b,2016,
Kepler-569 b,2016,
Kepler-57 b,2012,
Kepler-57 c,2012,
Kepler-570 b,2016,
Kepler-571 b,2016,
Kepler-572 b,2016,
Kepler-573 b,2016,
Kepler-574 b,2016,
Kepler-575 b,2016,
Kepler-576 b,2016,
Kepler-577 b,2016,
Kepler-578 b,2016,
Kepler-579 b,2016,
Kepler-58 b,2012,
Kepler-58 c,2012,
Kepler-58 d,2014,
Kepler-580 b,2016,
Kepler-581 b,2016,
Kepler-582 b,2016,
Kepler-583 b,2016,
Kepler-584 b,2016,
Kepler-585 b,2016,
Kepler-586 b,2016,
Kepler-587 b,2016,
Kepler-588 b,2016,
Kepler-589 b,2016,
Kepler-59 b,2012,
Kepler-59 c,2012,
Kepler-590 b,2016,
Kepler-591 b,2016,
Kepler-592 b,2016,
Kepler-593 b,2016,
Kepler-594 b,2016,
Kepler-595 b,2016,
Kepler-596 b,2016,
Kepler-597 b,2016,
Kepler-598 b,2016,
Kepler-599 b,2016,
Kepler-6 b,2009,1460
Kepler-60 b,2012,
Kepler-60 c,2012,
Kepler-60 d,2012,
Kepler-600 b,2016,
Kepler-601 b,2016,
Kepler-602 b,2016,
Kepler-603 b,2016,
Kepler-603 c,2016,
Kepler-603 d,2016,
Kepler-604 b,2016,
Kepler-605 b,2016,
Kepler-605 c,2016,
Kepler-606 b,2016,
Kepler-607 b,2016,
Kepler-608 b,2016,
Kepler-609 b,2016,
Kepler-61 b,2013,273
Kepler-610 b,2016,
Kepler-610 c,2016,
Kepler-611 b,2016,
Kepler-612 b,2016,
Kepler-613 b,2016,
Kepler-614 b,2016,
Kepler-615 b,2016,
Kepler-616 b,2016,
Kepler-616 c,2016,
Kepler-617 b,2016,
Kepler-618 b,2016,
Kepler-619 b,2016,
Kepler-619 c,2016,
Kepler-62 b,2013,750
Kepler-62 c,2013,578
Kepler-62 d,2013,510
Kepler-62 e,2013,270
Kepler-62 f,2013,208
Kepler-620 b,2016,
Kepler-621 b,2016,
Kepler-622 b,2016,
Kepler-623 b,2016,
Kepler-624 b,2016,
Kepler-625 b,2016,
Kepler-625 c,2016,
Kepler-626 b,2016,
Kepler-627 b,2016,
Kepler-628 b,2016,
Kepler-629 b,2016,
Kepler-63 b,2013,
Kepler-630 b,2016,
Kepler-631 b,2016,
Kepler-632 b,2016,
Kepler-633 b,2016,
Kepler-634 b,2016,
Kepler-635 b,2016,
Kepler-636 b,2016,
Kepler-637 b,2016,
Kepler-638 b,2016,
Kepler-639 b,2016,
Kepler-640 b,2016,
Kepler-641 b,2016,
Kepler-642 b,2016,
Kepler-643 b,2016,
Kepler-644 b,2016,
Kepler-645 b,2016,
Kepler-646 b,2016,
Kepler-647 b,2016,
Kepler-648 b,2016,
Kepler-649 b,2016,
Kepler-65 b,2012,
Kepler-65 c,2012,
Kepler-65 d,2012,
Kepler-65 e,2019,
Kepler-650 b,2016,
Kepler-651 b,2016,
Kepler-652 b,2016,
Kepler-653 b,2016,
Kepler-653 c,2016,
Kepler-654 b,2016,
Kepler-655 b,2016,
Kepler-656 b,2016,
Kepler-657 b,2016,
Kepler-658 b,2016,
Kepler-659 b,2016,
Kepler-66 b,2013,
Kepler-660 b,2016,
Kepler-661 b,2016,
Kepler-662 b,2016,
Kepler-663 b,2016,
Kepler-664 b,2016,
Kepler-665 b,2016,
Kepler-666 b,2016,
Kepler-667 b,2016,
Kepler-668 b,2016,
Kepler-669 b,2016,
Kepler-67 b,2013,
Kepler-670 b,2016,
Kepler-671 b,2016,
Kepler-672 b,2016,
Kepler-673 b,2016,
Kepler-674 b,2016,
Kepler-675 b,2016,
Kepler-676 b,2016,
Kepler-677 b,2016,
Kepler-678 b,2016,
Kepler-679 b,2016,
Kepler-68 b,2013,
Kepler-68 c,2013,
Kepler-68 d,2013,
Kepler-680 b,2016,
Kepler-681 b,2016,
Kepler-682 b,2016,
Kepler-683 b,2016,
Kepler-684 b,2016,
Kepler-685 b,2016,
Kepler-686 b,2016,
Kepler-687 b,2016,
Kepler-688 b,2016,
Kepler-689 b,2016,
Kepler-69 b,2013,779
Kepler-69 c,2013,299
Kepler-690 b,2016,
Kepler-691 b,2016,
Kepler-692 b,2016,
Kepler-693 b,2016,
Kepler-694 b,2016,
Kepler-695 b,2016,
Kepler-696 b,2016,
Kepler-697 b,2016,
Kepler-698 b,2016,
Kepler-699 b,2016,
Kepler-7 b,2009,1630
Kepler-700 b,2016,
Kepler-701 b,2016,
Kepler-702 b,2016,
Kepler-703 b,2016,
Kepler-704 b,2016,
Kepler-705 b,2016,
Kepler-706 b,2016,
Kepler-707 b,2016,
Kepler-708 b,2016,
Kepler-709 b,2016,
Kepler-710 b,2016,
Kepler-711 b,2016,
Kepler-712 b,2016,
Kepler-712 c,2016,
Kepler-713 b,2016,
Kepler-714 b,2016,
Kepler-715 b,2016,
Kepler-716 b,2016,
Kepler-717 b,2016,
Kepler-718 b,2016,
Kepler-719 b,2016,
Kepler-720 b,2016,
Kepler-721 b,2016,
Kepler-722 b,2016,
Kepler-722 c,2016,
Kepler-723 b,2016,
Kepler-724 b,2016,
Kepler-725 b,2016,
Kepler-726 b,2016,
Kepler-727 b,2016,
Kepler-728 b,2016,
Kepler-729 b,2016,
Kepler-730 b,2016,1219
Kepler-730 c,2018,1607
Kepler-731 b,2016,
Kepler-732 b,2016,
Kepler-732 c,2016,
Kepler-733 b,2016,
Kepler-734 b,2016,
Kepler-735 b,2016,
Kepler-736 b,2016,
Kepler-737 b,2016,
Kepler-738 b,2016,
Kepler-739 b,2016,
Kepler-74 b,2013,1078
Kepler-740 b,2016,
Kepler-741 b,2016,
Kepler-742 b,2016,
Kepler-743 b,2016,
Kepler-744 b,2016,
Kepler-745 b,2016,
Kepler-746 b,2016,
Kepler-747 b,2016,
Kepler-748 b,2016,
Kepler-749 b,2016,
Kepler-75 b,2013,767
Kepler-750 b,2016,
Kepler-750 c,2016,
Kepler-751 b,2016,
Kepler-752 b,2016,
Kepler-753 b,2016,
Kepler-754 b,2016,
Kepler-755 b,2016,
Kepler-755 c,2016,
Kepler-756 b,2016,
Kepler-757 b,2016,
Kepler-758 b,2016,
Kepler-758 c,2016,
Kepler-758 d,2016,
Kepler-758 e,2016,
Kepler-759 b,2016,
Kepler-76 b,2013,2140
Kepler-760 b,2016,
Kepler-760 c,2016,
Kepler-761 b,2016,
Kepler-762 b,2016,
Kepler-763 b,2016,
Kepler-764 b,2016,
Kepler-765 b,2016,
Kepler-766 b,2016,
Kepler-767 b,2016,
Kepler-768 b,2016,
Kepler-769 b,2016,
Kepler-769 c,2016,
Kepler-77 b,2013,1440
Kepler-770 b,2016,
Kepler-770 c,2016,
Kepler-770 d,2016,
Kepler-771 b,2016,
Kepler-772 b,2016,
Kepler-773 b,2016,
Kepler-774 b,2016,
Kepler-775 b,2016,
Kepler-776 b,2016,
Kepler-777 b,2016,
Kepler-778 b,2016,
Kepler-779 b,2016,
Kepler-78 b,2013,
Kepler-780 b,2016,
Kepler-781 b,2016,
Kepler-782 b,2016,
Kepler-783 b,2016,
Kepler-784 b,2016,
Kepler-785 b,2016,
Kepler-786 b,2016,
Kepler-787 b,2016,
Kepler-788 b,2016,
Kepler-789 b,2016,
Kepler-79 b,2012,
Kepler-79 c,2012,
Kepler-79 d,2014,
Kepler-79 e,2014,
Kepler-790 b,2016,
Kepler-791 b,2016,
Kepler-792 b,2016,
Kepler-793 b,2016,
Kepler-794 b,2016,
Kepler-795 b,2016,
Kepler-796 b,2016,
Kepler-797 b,2016,
Kepler-798 b,2016,
Kepler-799 b,2016,
Kepler-8 b,2010,1680
Kepler-80 b,2012,
Kepler-80 c,2012,
Kepler-80 d,2014,
Kepler-80 e,2014,
Kepler-80 f,2016,
Kepler-80 g,2017,418
Kepler-800 b,2016,
Kepler-801 b,2016,
Kepler-802 b,2016,
Kepler-803 b,2016,
Kepler-804 b,2016,
Kepler-804 c,2016,
Kepler-805 b,2016,
Kepler-806 b,2016,
Kepler-807 b,2016,
Kepler-808 b,2016,
Kepler-809 b,2016,
Kepler-81 b,2012,
Kepler-81 c,2012,
Kepler-81 d,2014,
Kepler-810 b,2016,
Kepler-811 b,2016,
Kepler-812 b,2016,
Kepler-813 b,2016,
Kepler-814 b,2016,
Kepler-815 b,2016,
Kepler-816 b,2016,
Kepler-817 b,2016,
Kepler-818 b,2016,
Kepler-819 b,2016,
Kepler-82 b,2012,
Kepler-82 c,2012,
Kepler-82 d,2014,
Kepler-82 e,2014,
Kepler-82 f,2019,
Kepler-820 b,2016,
Kepler-821 b,2016,
Kepler-822 b,2016,
Kepler-823 b,2016,
Kepler-824 b,2016,
Kepler-825 b,2016,
Kepler-825 c,2016,
Kepler-826 b,2016,
Kepler-827 b,2016,
Kepler-828 b,2016,
Kepler-829 b,2016,
Kepler-83 b,2012,
Kepler-83 c,2012,
Kepler-83 d,2014,
Kepler-830 b,2016,
Kepler-831 b,2016,
Kepler-832 b,2016,
Kepler-833 b,2016,
Kepler-834 b,2016,
Kepler-835 b,2016,
Kepler-836 b,2016,
Kepler-837 b,2016,
Kepler-838 b,2016,
Kepler-839 b,2016,
Kepler-84 b,2012,
Kepler-84 c,2012,
Kepler-84 d,2014,
Kepler-84 e,2014,
Kepler-84 f,2014,
Kepler-840 b,2016,
Kepler-841 b,2016,
Kepler-842 b,2016,
Kepler-843 b,2016,
Kepler-844 b,2016,
Kepler-845 b,2016,
Kepler-846 b,2016,
Kepler-847 b,2016,
Kepler-848 b,2016,
Kepler-849 b,2016,
Kepler-85 b,2012,
Kepler-85 c,2012,
Kepler-85 d,2014,
Kepler-85 e,2014,
Kepler-850 b,2016,
Kepler-851 b,2016,
Kepler-852 b,2016,
Kepler-853 b,2016,
Kepler-854 b,2016,
Kepler-855 b,2016,
Kepler-856 b,2016,
Kepler-857 b,2016,
Kepler-858 b,2016,
Kepler-859 b,2016,
Kepler-860 b,2016,
Kepler-861 b,2016,
Kepler-862 b,2016,
Kepler-863 b,2016,
Kepler-864 b,2016,
Kepler-865 b,2016,
Kepler-866 b,2016,
Kepler-867 b,2016,
Kepler-868 b,2016,
Kepler-869 b,2016,
Kepler-87 b,2013,478
Kepler-87 c,2013,403
Kepler-870 b,2016,
Kepler-871 b,2016,
Kepler-872 b,2016,
Kepler-873 b,2016,
Kepler-874 b,2016,
Kepler-875 b,2016,
Kepler-876 b,2016,
Kepler-877 b,2016,
Kepler-878 b,2016,
Kepler-879 b,2016,
Kepler-880 b,2016,
Kepler-881 b,2016,
Kepler-882 b,2016,
Kepler-883 b,2016,
Kepler-884 b,2016,
Kepler-885 b,2016,
Kepler-886 b,2016,
Kepler-887 b,2016,
Kepler-887 c,2016,
Kepler-888 b,2016,
Kepler-889 b,2016,
Kepler-890 b,2016,
Kepler-891 b,2016,
Kepler-892 b,2016,
Kepler-893 b,2016,
Kepler-894 b,2016,
Kepler-895 b,2016,
Kepler-896 b,2016,
Kepler-897 b,2016,
Kepler-898 b,2016,
Kepler-899 b,2016,
Kepler-9 b,2010,
Kepler-9 c,2010,
Kepler-9 d,2010,2026
Kepler-90 i,2017,709
Kepler-900 b,2016,
Kepler-901 b,2016,
Kepler-902 b,2016,
Kepler-903 b,2016,
Kepler-903 c,2016,
Kepler-904 b,2016,
Kepler-905 b,2016,
Kepler-906 b,2016,
Kepler-907 b,2016,
Kepler-908 b,2016,
Kepler-909 b,2016,
Kepler-91 b,2013,2040
Kepler-910 b,2016,
Kepler-911 b,2016,
Kepler-912 b,2016,
Kepler-913 b,2016,
Kepler-914 b,2016,
Kepler-915 b,2016,
Kepler-916 b,2016,
Kepler-917 b,2016,
Kepler-918 b,2016,
Kepler-919 b,2016,
Kepler-92 b,2013,
Kepler-92 c,2013,
Kepler-92 d,2015,
Kepler-920 b,2016,
Kepler-920 c,2016,
Kepler-921 b,2016,
Kepler-922 b,2016,
Kepler-923 b,2016,
Kepler-924 b,2016,
Kepler-925 b,2016,
Kepler-926 b,2016,
Kepler-927 b,2016,
Kepler-928 b,2016,
Kepler-929 b,2016,
Kepler-93 b,2014,
Kepler-93 c,2014,
Kepler-930 b,2016,
Kepler-931 b,2016,
Kepler-932 b,2016,
Kepler-933 b,2016,
Kepler-934 b,2016,
Kepler-935 b,2016,
Kepler-936 b,2016,
Kepler-937 b,2016,
Kepler-937 c,2016,
Kepler-938 b,2016,
Kepler-939 b,2016,
Kepler-94 b,2014,
Kepler-94 c,2014,
Kepler-940 b,2016,
Kepler-941 b,2016,
Kepler-942 b,2016,
Kepler-943 b,2016,
Kepler-944 b,2016,
Kepler-945 b,2016,
Kepler-946 b,2016,
Kepler-947 b,2016,
Kepler-948 b,2016,
Kepler-949 b,2016,
Kepler-95 b,2014,
Kepler-950 b,2016,
Kepler-951 b,2016,
Kepler-952 b,2016,
Kepler-953 b,2016,
Kepler-953 c,2016,
Kepler-954 b,2016,
Kepler-955 b,2016,
Kepler-956 b,2016,
Kepler-957 b,2016,
Kepler-958 b,2016,
Kepler-959 b,2016,
Kepler-96 b,2014,
Kepler-960 b,2016,
Kepler-961 b,2016,
Kepler-962 b,2016,
Kepler-963 b,2016,
Kepler-964 b,2016,
Kepler-965 b,2016,
Kepler-966 b,2016,
Kepler-967 b,2016,
Kepler-967 c,2016,
Kepler-968 b,2016,
Kepler-968 c,2016,
Kepler-969 b,2016,
Kepler-969 c,2016,
Kepler-97 b,2014,
Kepler-97 c,2014,
Kepler-970 b,2016,
Kepler-971 b,2016,
Kepler-972 b,2016,
Kepler-973 b,2016,
Kepler-974 b,2016,
Kepler-975 b,2016,
Kepler-976 b,2016,
Kepler-977 b,2016,
Kepler-978 b,2016,
Kepler-979 b,2016,
Kepler-98 b,2014,
Kepler-980 b,2016,
Kepler-981 b,2016,
Kepler-982 b,2016,
Kepler-983 b,2016,
Kepler-984 b,2016,
Kepler-985 b,2016,
Kepler-986 b,2016,
Kepler-987 b,2016,
Kepler-988 b,2016,
Kepler-989 b,2016,
Kepler-99 b,2014,
Kepler-990 b,2016,
Kepler-990 c,2016,
Kepler-991 b,2016,
Kepler-992 b,2016,
Kepler-993 b,2016,
Kepler-994 b,2016,
Kepler-995 b,2016,
Kepler-996 b,2016,
Kepler-997 b,2016,
Kepler-998 b,2016,
Kepler-999 b,2016,
L 98-59 b,2019,
L 98-59 c,2019,
L 98-59 d,2019,
LHS 1140 b,2017,235
LHS 1140 c,2018,438
LHS 3844 b,2019,805
LSPM J2116+0234 b,2019,
LTT 1445 A b,2019,433
LkCa 15 b,2015,
LkCa 15 c,2015,
Lupus-TR-3 b,2007,
MASCARA-1 b,2017,2570
MOA-2007-BLG-192L b,2008,
MOA-2007-BLG-400L b,2008,103
MOA-2008-BLG-310L b,2009,
MOA-2008-BLG-379L b,2013,
MOA-2009-BLG-266L b,2011,
MOA-2009-BLG-319L b,2010,
MOA-2009-BLG-387L b,2010,
MOA-2010-BLG-073L b,2012,
MOA-2010-BLG-117L b,2018,
MOA-2010-BLG-328L b,2013,
MOA-2010-BLG-353L b,2015,
MOA-2010-BLG-477L b,2012,
MOA-2011-BLG-028L b,2016,
MOA-2011-BLG-262L b,2014,
MOA-2011-BLG-291L b,2018,
MOA-2011-BLG-293L b,2012,
MOA-2011-BLG-322L b,2013,
MOA-2012-BLG-006L b,2017,
MOA-2012-BLG-505L b,2017,
MOA-2013-BLG-605L b,2016,
MOA-2015-BLG-337L b,2018,
MOA-2016-BLG-227L b,2017,
MOA-2016-BLG-319L b,2018,
MOA-bin-1L b,2012,
MXB 1658-298 b,2017,
NGC 2682 Sand 364 b,2014,
NGC 2682 Sand 978 b,2017,
NGC 2682 YBP 1194 b,2014,
NGC 2682 YBP 1514 b,2014,
NGC 2682 YBP 401 b,2016,
NGTS-1 b,2017,790
NGTS-2 b,2018,1468
NGTS-3 A b,2018,
NGTS-4 b,2019,1650
NGTS-5 b,2019,952
NGTS-6 b,2019,1284
NN Ser c,2010,
NN Ser d,2010,
NSVS 14256825 b,2019,
NY Vir b,2011,
OGLE-2003-BLG-235L b,2004,